FromSite,FromWh,Item,Color,Size,Qty,ToSite,ToWh
KT,STL-L,2100PRV,RWPR,SMD,3.0,KT,STL
KT,STL-L,2103,GRPR,LGE,30.0,KT,STL
KT,STL-L,2103,TNPR,LGE,57.0,KT,STL
KT,STL-L,3148,WWY,42,794.0,KT,STL
KT,STL-L,3187,WWY,SML,8886.0,KT,STL
KT,STL-L,3224,WWY,44L,430.0,KT,STL
KT,STL-L,4160,CBPR,SML,20.0,KT,STL
KT,STL-L,4160,RPPR,MED,1.0,KT,STL
KT,STL-L,4161,GRPR,LGE,6.0,KT,STL
KT,STL-L,4259,GRPR,XLG,14.0,KT,STL
KT,STL-L,70221,GREY,XSM,124.0,KT,STL
KT,STL-L,70221,ROYAL,XLG,4.0,KT,STL
KT,STL-L,71221,NAVY,XLG,1.0,KT,STL
KT,STL-L,71229,CEIL,4XL,72.0,KT,STL
KT,STL-L,71229,CEIL,5XL,7.0,KT,STL
KT,STL-L,71229,CEIL,LGE,378.0,KT,STL
KT,STL-L,71229,CEIL,MED,387.0,KT,STL
KT,STL-L,71229,CEIL,XLG,40.0,KT,STL
KT,STL-L,71229,GREY,3XL,92.0,KT,STL
KT,STL-L,71229,GREY,4XL,36.0,KT,STL
KT,STL-L,71229,GREY,5XL,11.0,KT,STL
KT,STL-L,71229,GREY,LGE,8.0,KT,STL
KT,STL-L,71229,GREY,MED,119.0,KT,STL
KT,STL-L,71229,GREY,SML,189.0,KT,STL
KT,STL-L,71229,GREY,XSM,75.0,KT,STL
KT,STL-L,71229,GREY,XXL,120.0,KT,STL
KT,STL-L,71229,NAVY,3XL,156.0,KT,STL
KT,STL-L,71229,NAVY,4XL,40.0,KT,STL
KT,STL-L,71229,NAVY,5XL,82.0,KT,STL
KT,STL-L,71229,NAVY,MED,107.0,KT,STL
KT,STL-L,71229,NAVY,SML,21.0,KT,STL
KT,STL-L,71229,NAVY,XLG,40.0,KT,STL
KT,STL-L,71229,NAVY,XSM,18.0,KT,STL
KT,STL-L,71229,ROYAL,4XL,8.0,KT,STL
KT,STL-L,71229,ROYAL,LGE,206.0,KT,STL
KT,STL-L,71229,ROYAL,MED,164.0,KT,STL
KT,STL-L,71229,ROYAL,SML,207.0,KT,STL
KT,STL-L,71229,ROYAL,XXL,51.0,KT,STL
KT,STL-L,71229,TEAL,4XL,76.0,KT,STL
KT,STL-L,71229,TEAL,MED,78.0,KT,STL
KT,STL-L,71229,TEAL,XLG,212.0,KT,STL
KT,STL-L,71229,TEAL,XSM,194.0,KT,STL
KT,STL-L,71229,TEAL,XXL,66.0,KT,STL
KT,STL-L,7502,BKP,SML,544.0,KT,STL
KT,STL-L,75029,BCP,MED,1.0,KT,STL
KT,STL-L,75029,BEP,LGE,9.0,KT,STL
KT,STL-L,75029,BEP,SML,9.0,KT,STL
KT,STL-L,75029,BEP,XLG,9.0,KT,STL
KT,STL-L,75029,BKP,MED,2.0,KT,STL
KT,STL-L,75029,BKP,SML,9.0,KT,STL
KT,STL-L,75029,BKP,XLG,5.0,KT,STL
KT,STL-L,75029,BNP,MED,3.0,KT,STL
KT,STL-L,75029,BNP,SML,20.0,KT,STL
KT,STL-L,75029,BNP,XLG,2.0,KT,STL
KT,STL-L,75029,BNP,XSM,3.0,KT,STL
KT,STL-L,75029,BNP,XXL,2.0,KT,STL
KT,STL-L,75229,CEIL,LGE,47.0,KT,STL
KT,STL-L,75229,CEIL,MED,665.0,KT,STL
KT,STL-L,75229,CEIL,SML,1943.0,KT,STL
KT,STL-L,75229,CEIL,XLG,358.0,KT,STL
KT,STL-L,75229,GREY,LGE,74.0,KT,STL
KT,STL-L,75229,GREY,XLG,116.0,KT,STL
KT,STL-L,75229,NAVY,3XL,46.0,KT,STL
KT,STL-L,75229,NAVY,4XL,24.0,KT,STL
KT,STL-L,75229,NAVY,5XL,58.0,KT,STL
KT,STL-L,75229,NAVY,LGE,66.0,KT,STL
KT,STL-L,75229,NAVY,MED,117.0,KT,STL
KT,STL-L,75229,NAVY,SML,9.0,KT,STL
KT,STL-L,75229,NAVY,XLG,120.0,KT,STL
KT,STL-L,75229,NAVY,XSM,11.0,KT,STL
KT,STL-L,75229,NAVY,XXL,34.0,KT,STL
KT,STL-L,75229,ROYAL,4XL,10.0,KT,STL
KT,STL-L,75229,ROYAL,5XL,67.0,KT,STL
KT,STL-L,75229,ROYAL,SML,73.0,KT,STL
KT,STL-L,75229,ROYAL,XSM,9.0,KT,STL
KT,STL-L,75229,TEAL,4XL,1.0,KT,STL
KT,STL-L,75229,TEAL,MED,71.0,KT,STL
KT,STL-L,75229,TEAL,XSM,10.0,KT,STL
KT,STL-L,75231,GREY,MED,1.0,KT,STL
KT,STL-L,75231,ROYAL,XLG,67.0,KT,STL
KT,STL-L,75239,TEAL,XSM,1.0,KT,STL
KT,STL-L,7525,BNP,LGE,129.0,KT,STL
KT,STL-L,7551,BCP,MED,30.0,KT,STL
KT,STL-L,76029,BCP,XLG,15.0,KT,STL
KT,STL-L,76029,BCP,XSM,1.0,KT,STL
KT,STL-L,76029,BEP,LGE,3.0,KT,STL
KT,STL-L,76029,BEP,MED,3.0,KT,STL
KT,STL-L,76029,BEP,XLG,9.0,KT,STL
KT,STL-L,76029,BKP,LGE,2.0,KT,STL
KT,STL-L,76029,BKP,SML,8.0,KT,STL
KT,STL-L,76029,BKP,XLG,20.0,KT,STL
KT,STL-L,76029,BKP,XSM,2.0,KT,STL
KT,STL-L,76029,BNP,MED,19.0,KT,STL
KT,STL-L,76029,BNP,SML,20.0,KT,STL
KT,STL-L,76029,BNP,XLG,18.0,KT,STL
KT,STL-L,76029,BNP,XSM,2.0,KT,STL
KT,STL-L,76029,STP,LGE,3.0,KT,STL
KT,STL-L,8219,STP,XXL,1.0,KT,STL
KT,STL-L,83221,GRAPH,XXL,6.0,KT,STL
KT,STL-L,8380,BNP,XSM,1.0,KT,STL
KT,STL-L,85229,CEIL,3XL,119.0,KT,STL
KT,STL-L,85229,CEIL,4XL,1.0,KT,STL
KT,STL-L,85229,CEIL,5XL,77.0,KT,STL
KT,STL-L,85229,CEIL,LGE,4.0,KT,STL
KT,STL-L,85229,CEIL,XLG,4.0,KT,STL
KT,STL-L,85229,CEIL,XXL,144.0,KT,STL
KT,STL-L,85229,GREY,LGE,43.0,KT,STL
KT,STL-L,85229,GREY,MED,56.0,KT,STL
KT,STL-L,85229,GREY,SML,235.0,KT,STL
KT,STL-L,85229,GREY,XLG,81.0,KT,STL
KT,STL-L,85229,GREY,XSM,43.0,KT,STL
KT,STL-L,85229,GREY,XXL,228.0,KT,STL
KT,STL-L,85229,NAVY,3XL,516.0,KT,STL
KT,STL-L,85229,NAVY,4XL,10.0,KT,STL
KT,STL-L,85229,NAVY,LGE,1062.0,KT,STL
KT,STL-L,85229,NAVY,MED,208.0,KT,STL
KT,STL-L,85229,NAVY,SML,792.0,KT,STL
KT,STL-L,85229,NAVY,XLG,226.0,KT,STL
KT,STL-L,85229,NAVY,XXL,17.0,KT,STL
KT,STL-L,85229,ROYAL,LGE,40.0,KT,STL
KT,STL-L,85229,ROYAL,MED,58.0,KT,STL
KT,STL-L,85229,ROYAL,SML,179.0,KT,STL
KT,STL-L,85229,ROYAL,XLG,190.0,KT,STL
KT,STL-L,85229,ROYAL,XSM,72.0,KT,STL
KT,STL-L,85229,TEAL,3XL,84.0,KT,STL
KT,STL-L,85229,TEAL,LGE,71.0,KT,STL
KT,STL-L,85229,TEAL,MED,203.0,KT,STL
KT,STL-L,85229,TEAL,SML,1.0,KT,STL
KT,STL-L,85229,TEAL,XLG,136.0,KT,STL
KT,STL-L,85229,TEAL,XSM,23.0,KT,STL
KT,STL-L,9207,NRLK,MED,4.0,KT,STL
KT,STL-L,C2048,BCPR,LGE,370.0,KT,STL
KT,STL-L,C2048,BCPR,MED,170.0,KT,STL
KT,STL-L,C2048,BCPR,SML,259.0,KT,STL
KT,STL-L,C2048,BCPR,XLG,40.0,KT,STL
KT,STL-L,C2048,BCPR,XSM,10.0,KT,STL
KT,STL-L,C2048,BEPR,3XL,40.0,KT,STL
KT,STL-L,C2048,BEPR,LGE,236.0,KT,STL
KT,STL-L,C2048,BKPR,3XL,76.0,KT,STL
KT,STL-L,C2048,BKPR,LGE,366.0,KT,STL
KT,STL-L,C2048,BKPR,MED,872.0,KT,STL
KT,STL-L,C2048,BKPR,SML,266.0,KT,STL
KT,STL-L,C2048,BKPR,XLG,73.0,KT,STL
KT,STL-L,C2048,BKPR,XSM,11.0,KT,STL
KT,STL-L,C2048,BTPR,LGE,31.0,KT,STL
KT,STL-L,C2048,BTPR,MED,51.0,KT,STL
KT,STL-L,C2048,BTPR,XLG,54.0,KT,STL
KT,STL-L,C2048,BTPR,XXL,31.0,KT,STL
KT,STL-L,C2048,STPR,LGE,109.0,KT,STL
KT,STL-L,C2048,STPR,MED,135.0,KT,STL
KT,STL-L,C2048,STPR,XLG,40.0,KT,STL
KT,STL-L,C2048,TNPR,3XL,35.0,KT,STL
KT,STL-L,C2048,TNPR,LGE,169.0,KT,STL
KT,STL-L,C2048,TNPR,MED,138.0,KT,STL
KT,STL-L,C2048,TNPR,SML,159.0,KT,STL
KT,STL-L,C2048,TNPR,XLG,127.0,KT,STL
KT,STL-L,C2048,TNPR,XSM,168.0,KT,STL
KT,STL-L,C2048,TNPR,XXL,60.0,KT,STL
KT,STL-L,C20489,BCPR,XLG,51.0,KT,STL
KT,STL-L,C20489,BCPR,XSM,20.0,KT,STL
KT,STL-L,C20489,BEPR,3XL,2.0,KT,STL
KT,STL-L,C20489,BEPR,LGE,7.0,KT,STL
KT,STL-L,C20489,BEPR,MED,2.0,KT,STL
KT,STL-L,C20489,BEPR,SML,2.0,KT,STL
KT,STL-L,C20489,BEPR,XXL,34.0,KT,STL
KT,STL-L,C20489,BTPR,LGE,2.0,KT,STL
KT,STL-L,C20489,BTPR,MED,4.0,KT,STL
KT,STL-L,C20489,STPR,SML,44.0,KT,STL
KT,STL-L,C20489,STPR,XLG,34.0,KT,STL
KT,STL-L,C20489,TNPR,SML,1.0,KT,STL
KT,STL-L,C2105,BCPR,3XL,929.0,KT,STL
KT,STL-L,C2105,BCPR,4XL,153.0,KT,STL
KT,STL-L,C2105,BCPR,LGE,3427.0,KT,STL
KT,STL-L,C2105,BCPR,MED,4927.0,KT,STL
KT,STL-L,C2105,BCPR,SML,3932.0,KT,STL
KT,STL-L,C2105,BCPR,XLG,3757.0,KT,STL
KT,STL-L,C2105,BCPR,XSM,1216.0,KT,STL
KT,STL-L,C2105,BCPR,XXL,2600.0,KT,STL
KT,STL-L,C2105,BEPR,3XL,3.0,KT,STL
KT,STL-L,C2105,BEPR,4XL,100.0,KT,STL
KT,STL-L,C2105,BEPR,5XL,57.0,KT,STL
KT,STL-L,C2105,BEPR,MED,504.0,KT,STL
KT,STL-L,C2105,BEPR,SML,110.0,KT,STL
KT,STL-L,C2105,BEPR,XLG,443.0,KT,STL
KT,STL-L,C2105,BEPR,XXL,951.0,KT,STL
KT,STL-L,C2105,BKPR,3XL,87.0,KT,STL
KT,STL-L,C2105,BKPR,4XL,50.0,KT,STL
KT,STL-L,C2105,BKPR,LGE,750.0,KT,STL
KT,STL-L,C2105,BKPR,MED,322.0,KT,STL
KT,STL-L,C2105,BKPR,SML,910.0,KT,STL
KT,STL-L,C2105,BKPR,XLG,861.0,KT,STL
KT,STL-L,C2105,BKPR,XSM,266.0,KT,STL
KT,STL-L,C2105,BKPR,XXL,686.0,KT,STL
KT,STL-L,C2105,BTPR,LGE,268.0,KT,STL
KT,STL-L,C2105,BTPR,MED,578.0,KT,STL
KT,STL-L,C2105,BTPR,SML,240.0,KT,STL
KT,STL-L,C2105,BTPR,XSM,296.0,KT,STL
KT,STL-L,C2105,BTPR,XXL,149.0,KT,STL
KT,STL-L,C2105,STPR,3XL,73.0,KT,STL
KT,STL-L,C2105,STPR,LGE,873.0,KT,STL
KT,STL-L,C2105,STPR,MED,1128.0,KT,STL
KT,STL-L,C2105,STPR,SML,598.0,KT,STL
KT,STL-L,C2105,STPR,XLG,327.0,KT,STL
KT,STL-L,C2105,STPR,XSM,237.0,KT,STL
KT,STL-L,C2105,STPR,XXL,346.0,KT,STL
KT,STL-L,C2105,TNPR,3XL,152.0,KT,STL
KT,STL-L,C2105,TNPR,4XL,95.0,KT,STL
KT,STL-L,C2105,TNPR,5XL,23.0,KT,STL
KT,STL-L,C2105,TNPR,LGE,525.0,KT,STL
KT,STL-L,C2105,TNPR,MED,2317.0,KT,STL
KT,STL-L,C2105,TNPR,SML,1476.0,KT,STL
KT,STL-L,C2105,TNPR,XLG,887.0,KT,STL
KT,STL-L,C2105,TNPR,XSM,408.0,KT,STL
KT,STL-L,C2105,TNPR,XXL,706.0,KT,STL
KT,STL-L,C21059,BCPR,4XL,19.0,KT,STL
KT,STL-L,C21059,BCPR,MED,8.0,KT,STL
KT,STL-L,C21059,BEPR,MED,1.0,KT,STL
KT,STL-L,C21059,BEPR,XXL,4.0,KT,STL
KT,STL-L,C21059,BKPR,LGE,3.0,KT,STL
KT,STL-L,C21059,BKPR,XLG,3.0,KT,STL
KT,STL-L,C21059,BKPR,XSM,1.0,KT,STL
KT,STL-L,C21059,BKPR,XXL,7.0,KT,STL
KT,STL-L,C21059,BTPR,3XL,11.0,KT,STL
KT,STL-L,C21059,BTPR,4XL,5.0,KT,STL
KT,STL-L,C21059,BTPR,XLG,20.0,KT,STL
KT,STL-L,C21059,BTPR,XSM,13.0,KT,STL
KT,STL-L,C21059,STPR,4XL,2.0,KT,STL
KT,STL-L,C21059,STPR,XXL,8.0,KT,STL
KT,STL-L,C21059,TNPR,5XL,15.0,KT,STL
KT,STL-L,C21059,TNPR,MED,56.0,KT,STL
KT,STL-L,C3046,BCPR,3XL,11.0,KT,STL
KT,STL-L,C3046,BCPR,LGE,260.0,KT,STL
KT,STL-L,C3046,BCPR,MED,482.0,KT,STL
KT,STL-L,C3046,BCPR,SML,206.0,KT,STL
KT,STL-L,C3046,BCPR,XLG,564.0,KT,STL
KT,STL-L,C3046,BCPR,XXL,198.0,KT,STL
KT,STL-L,C3046,BEPR,3XL,9.0,KT,STL
KT,STL-L,C3046,BEPR,4XL,26.0,KT,STL
KT,STL-L,C3046,BEPR,5XL,1.0,KT,STL
KT,STL-L,C3046,BEPR,LGE,53.0,KT,STL
KT,STL-L,C3046,BEPR,MED,85.0,KT,STL
KT,STL-L,C3046,BEPR,SML,1.0,KT,STL
KT,STL-L,C3046,BEPR,XLG,101.0,KT,STL
KT,STL-L,C3046,BEPR,XSM,22.0,KT,STL
KT,STL-L,C3046,BEPR,XXL,59.0,KT,STL
KT,STL-L,C3046,BKPR,LGE,51.0,KT,STL
KT,STL-L,C3046,BKPR,MED,281.0,KT,STL
KT,STL-L,C3046,BKPR,SML,223.0,KT,STL
KT,STL-L,C3046,BKPR,XSM,231.0,KT,STL
KT,STL-L,C3046,BKPR,XXL,44.0,KT,STL
KT,STL-L,C3046,BTPR,LGE,104.0,KT,STL
KT,STL-L,C3046,BTPR,MED,649.0,KT,STL
KT,STL-L,C3046,BTPR,XSM,325.0,KT,STL
KT,STL-L,C3046,STPR,4XL,134.0,KT,STL
KT,STL-L,C3046,STPR,5XL,107.0,KT,STL
KT,STL-L,C3046,STPR,LGE,103.0,KT,STL
KT,STL-L,C3046,STPR,MED,354.0,KT,STL
KT,STL-L,C3046,STPR,SML,155.0,KT,STL
KT,STL-L,C3046,STPR,XLG,79.0,KT,STL
KT,STL-L,C3046,STPR,XSM,322.0,KT,STL
KT,STL-L,C3046,STPR,XXL,70.0,KT,STL
KT,STL-L,C3046,TNPR,3XL,65.0,KT,STL
KT,STL-L,C3046,TNPR,4XL,14.0,KT,STL
KT,STL-L,C3046,TNPR,5XL,20.0,KT,STL
KT,STL-L,C3046,TNPR,XLG,403.0,KT,STL
KT,STL-L,C3046,TNPR,XSM,162.0,KT,STL
KT,STL-L,C30469,BCPR,3XL,1.0,KT,STL
KT,STL-L,C30469,BCPR,MED,1.0,KT,STL
KT,STL-L,C30469,BCPR,XSM,7.0,KT,STL
KT,STL-L,C30469,BEPR,XSM,19.0,KT,STL
KT,STL-L,C30469,BKPR,3XL,6.0,KT,STL
KT,STL-L,C30469,BKPR,LGE,8.0,KT,STL
KT,STL-L,C30469,BKPR,MED,1.0,KT,STL
KT,STL-L,C30469,BKPR,XLG,4.0,KT,STL
KT,STL-L,C30469,BKPR,XXL,15.0,KT,STL
KT,STL-L,C30469,BTPR,XXL,21.0,KT,STL
KT,STL-L,C30469,STPR,5XL,4.0,KT,STL
KT,STL-L,C30469,STPR,MED,25.0,KT,STL
KT,STL-L,C4171,BCPR,3XL,15.0,KT,STL
KT,STL-L,C4171,BCPR,LGE,111.0,KT,STL
KT,STL-L,C4171,BCPR,SML,218.0,KT,STL
KT,STL-L,C4171,BCPR,XLG,347.0,KT,STL
KT,STL-L,C4171,BCPR,XSM,10.0,KT,STL
KT,STL-L,C4171,BCPR,XXL,151.0,KT,STL
KT,STL-L,C4171,BEPR,3XL,47.0,KT,STL
KT,STL-L,C4171,BEPR,LGE,101.0,KT,STL
KT,STL-L,C4171,BEPR,XLG,108.0,KT,STL
KT,STL-L,C4171,BEPR,XSM,3.0,KT,STL
KT,STL-L,C4171,BKPR,3XL,84.0,KT,STL
KT,STL-L,C4171,BKPR,LGE,1.0,KT,STL
KT,STL-L,C4171,BKPR,MED,472.0,KT,STL
KT,STL-L,C4171,BKPR,SML,96.0,KT,STL
KT,STL-L,C4171,BKPR,XSM,100.0,KT,STL
KT,STL-L,C4171,BKPR,XXL,58.0,KT,STL
KT,STL-L,C4171,BTPR,LGE,9.0,KT,STL
KT,STL-L,C4171,BTPR,XLG,7.0,KT,STL
KT,STL-L,C4171,BTPR,XSM,12.0,KT,STL
KT,STL-L,C4171,STPR,3XL,12.0,KT,STL
KT,STL-L,C4171,STPR,LGE,238.0,KT,STL
KT,STL-L,C4171,STPR,MED,106.0,KT,STL
KT,STL-L,C4171,STPR,SML,9.0,KT,STL
KT,STL-L,C4171,STPR,XLG,97.0,KT,STL
KT,STL-L,C4171,STPR,XXL,56.0,KT,STL
KT,STL-L,C4171,TNPR,3XL,69.0,KT,STL
KT,STL-L,C4171,TNPR,LGE,115.0,KT,STL
KT,STL-L,C4171,TNPR,MED,204.0,KT,STL
KT,STL-L,C4171,TNPR,XLG,35.0,KT,STL
KT,STL-L,C4171,TNPR,XSM,50.0,KT,STL
KT,STL-L,C4171,TNPR,XXL,19.0,KT,STL
KT,STL-L,C41719,BKPR,XLG,8.0,KT,STL
KT,STL-L,C41719,STPR,XXL,5.0,KT,STL
KT,STL-L,C4260,BCPR,3XL,450.0,KT,STL
KT,STL-L,C4260,BCPR,4XL,141.0,KT,STL
KT,STL-L,C4260,BCPR,LGE,1862.0,KT,STL
KT,STL-L,C4260,BCPR,MED,1677.0,KT,STL
KT,STL-L,C4260,BCPR,SML,1903.0,KT,STL
KT,STL-L,C4260,BCPR,XLG,1221.0,KT,STL
KT,STL-L,C4260,BCPR,XSM,547.0,KT,STL
KT,STL-L,C4260,BCPR,XXL,827.0,KT,STL
KT,STL-L,C4260,BEPR,3XL,62.0,KT,STL
KT,STL-L,C4260,BEPR,4XL,94.0,KT,STL
KT,STL-L,C4260,BEPR,LGE,452.0,KT,STL
KT,STL-L,C4260,BEPR,MED,549.0,KT,STL
KT,STL-L,C4260,BEPR,SML,441.0,KT,STL
KT,STL-L,C4260,BEPR,XLG,84.0,KT,STL
KT,STL-L,C4260,BEPR,XXL,151.0,KT,STL
KT,STL-L,C4260,BKPR,3XL,356.0,KT,STL
KT,STL-L,C4260,BKPR,4XL,188.0,KT,STL
KT,STL-L,C4260,BKPR,LGE,1406.0,KT,STL
KT,STL-L,C4260,BKPR,MED,674.0,KT,STL
KT,STL-L,C4260,BKPR,SML,380.0,KT,STL
KT,STL-L,C4260,BKPR,XLG,979.0,KT,STL
KT,STL-L,C4260,BKPR,XSM,181.0,KT,STL
KT,STL-L,C4260,BKPR,XXL,749.0,KT,STL
KT,STL-L,C4260,BTPR,3XL,59.0,KT,STL
KT,STL-L,C4260,BTPR,5XL,1.0,KT,STL
KT,STL-L,C4260,BTPR,LGE,385.0,KT,STL
KT,STL-L,C4260,BTPR,MED,193.0,KT,STL
KT,STL-L,C4260,BTPR,XLG,3.0,KT,STL
KT,STL-L,C4260,BTPR,XSM,166.0,KT,STL
KT,STL-L,C4260,BTPR,XXL,99.0,KT,STL
KT,STL-L,C4260,STPR,3XL,133.0,KT,STL
KT,STL-L,C4260,STPR,4XL,5.0,KT,STL
KT,STL-L,C4260,STPR,5XL,74.0,KT,STL
KT,STL-L,C4260,STPR,LGE,1104.0,KT,STL
KT,STL-L,C4260,STPR,MED,573.0,KT,STL
KT,STL-L,C4260,STPR,SML,628.0,KT,STL
KT,STL-L,C4260,STPR,XLG,294.0,KT,STL
KT,STL-L,C4260,STPR,XSM,394.0,KT,STL
KT,STL-L,C4260,STPR,XXL,133.0,KT,STL
KT,STL-L,C4260,TNPR,3XL,92.0,KT,STL
KT,STL-L,C4260,TNPR,4XL,543.0,KT,STL
KT,STL-L,C4260,TNPR,LGE,2450.0,KT,STL
KT,STL-L,C4260,TNPR,MED,2388.0,KT,STL
KT,STL-L,C4260,TNPR,SML,1683.0,KT,STL
KT,STL-L,C4260,TNPR,XLG,2094.0,KT,STL
KT,STL-L,C4260,TNPR,XSM,905.0,KT,STL
KT,STL-L,C4260,TNPR,XXL,1271.0,KT,STL
KT,STL-L,C42609,BCPR,4XL,6.0,KT,STL
KT,STL-L,C42609,BCPR,5XL,6.0,KT,STL
KT,STL-L,C42609,BCPR,MED,7.0,KT,STL
KT,STL-L,C42609,BCPR,XLG,1.0,KT,STL
KT,STL-L,C42609,BEPR,4XL,1.0,KT,STL
KT,STL-L,C42609,BEPR,5XL,5.0,KT,STL
KT,STL-L,C42609,BEPR,LGE,10.0,KT,STL
KT,STL-L,C42609,BKPR,4XL,35.0,KT,STL
KT,STL-L,C42609,BKPR,MED,1.0,KT,STL
KT,STL-L,C42609,BKPR,XSM,2.0,KT,STL
KT,STL-L,C42609,BTPR,MED,41.0,KT,STL
KT,STL-L,C42609,STPR,LGE,10.0,KT,STL
KT,STL-L,C42609,STPR,MED,1.0,KT,STL
KT,STL-L,C42609,TNPR,4XL,15.0,KT,STL
KT,STL-L,C42609,TNPR,5XL,13.0,KT,STL
KT,STL-L,C42609,TNPR,LGE,54.0,KT,STL
KT,STL-L,C42609,TNPR,MED,26.0,KT,STL
KT,STL-L,CN75221,COBLT,SML,22.0,KT,STL
KT,STL-L,CW1212,CW137,1SZ,91.0,KT,STL
KT,STL-L,CW1337,CW105,2X,4.0,KT,STL
KT,STL-L,CW1337,CW105,L,11.0,KT,STL
KT,STL-L,CW1337,CW105,S,7.0,KT,STL
KT,STL-L,CW1337,CW105,XL,23.0,KT,STL
KT,STL-L,CW1337,CW30,L,8.0,KT,STL
KT,STL-L,CW1337,CW30,M,1.0,KT,STL
KT,STL-L,CW1337,CW40,L,5.0,KT,STL
KT,STL-L,CW1337,CW40,M,4.0,KT,STL
KT,STL-L,CW1337,CW40,S,10.0,KT,STL
KT,STL-L,CW1338,CW105,L,29.0,KT,STL
KT,STL-L,CW1338,CW105,M,4.0,KT,STL
KT,STL-L,CW1338,CW105,S,6.0,KT,STL
KT,STL-L,CW1338,CW105,XL,10.0,KT,STL
KT,STL-L,CW1338,CW105,XS,5.0,KT,STL
KT,STL-L,CW1338,CW30,L,3.0,KT,STL
KT,STL-L,CW1338,CW30,M,14.0,KT,STL
KT,STL-L,CW1338,CW30,S,26.0,KT,STL
KT,STL-L,CW1338,CW30,XL,1.0,KT,STL
KT,STL-L,CW1338,CW30,XS,18.0,KT,STL
KT,STL-L,CW1338,CW40,2X,4.0,KT,STL
KT,STL-L,CW1338,CW40,M,3.0,KT,STL
KT,STL-L,CW1338,CW40,S,3.0,KT,STL
KT,STL-L,CW1338,CW40,XL,7.0,KT,STL
KT,STL-L,CW1338,CW40,XS,4.0,KT,STL
KT,STL-L,CW1390,CW40,L,6.0,KT,STL
KT,STL-L,CW1430,CW30,1SZ,16.0,KT,STL
KT,STL-L,CW1430,CW40,1SZ,109.0,KT,STL
KT,STL-L,CW1432,CW105,1SZ,1.0,KT,STL
KT,STL-L,CW1432,CW30,1SZ,209.0,KT,STL
KT,STL-L,CW1646,CW105,1SZ,182.0,KT,STL
KT,STL-L,CW1646,CW30,1SZ,19.0,KT,STL
KT,STL-L,CW1650,CW30,1SZ,6.0,KT,STL
KT,STL-L,CW1665,CW40,1SZ,19.0,KT,STL
KT,STL-L,CW1691,CW211,1SZ,118.0,KT,STL
KT,STL-L,CW24043,CW30,1SZ,10.0,KT,STL
KT,STL-L,CW3000,CW30,2X,34.0,KT,STL
KT,STL-L,CW3000,CW30,XL,248.0,KT,STL
KT,STL-L,CW3000,CW50,M,24.0,KT,STL
KT,STL-L,CW3165,CW30,L,736.0,KT,STL
KT,STL-L,CW3165,CW30,M,724.0,KT,STL
KT,STL-L,CW3165,CW30,XL,288.0,KT,STL
KT,STL-L,CW3165HND,CW11,3X,21.0,KT,STL
KT,STL-L,CW3200,CW30,4X,27.0,KT,STL
KT,STL-L,CW3200,CW30,M,139.0,KT,STL
KT,STL-L,CW3200,CW30,S,16.0,KT,STL
KT,STL-L,CW3321CCT,CW30,L,13.0,KT,STL
KT,STL-L,CW3325,CW105,L,1.0,KT,STL
KT,STL-L,CW3325,CW30,3X,54.0,KT,STL
KT,STL-L,CW3325,CW30,L,344.0,KT,STL
KT,STL-L,CW3325,CW30,M,534.0,KT,STL
KT,STL-L,CW3325,CW30,S,12.0,KT,STL
KT,STL-L,CW3325,CW30,XL,47.0,KT,STL
KT,STL-L,CW3405,CW190,L,1.0,KT,STL
KT,STL-L,CW3405,CW30,L,30.0,KT,STL
KT,STL-L,CW3405,CW30,XL,43.0,KT,STL
KT,STL-L,CW3500,CW105,XL,1.0,KT,STL
KT,STL-L,CW3500,CW11,M,8.0,KT,STL
KT,STL-L,CW3500,CW11,XL,23.0,KT,STL
KT,STL-L,CW3500,CW249,L,1.0,KT,STL
KT,STL-L,CW3500,CW30,2X,58.0,KT,STL
KT,STL-L,CW3500,CW30,3X,11.0,KT,STL
KT,STL-L,CW3500,CW30,L,440.0,KT,STL
KT,STL-L,CW3500,CW30,M,529.0,KT,STL
KT,STL-L,CW3500,CW30,S,130.0,KT,STL
KT,STL-L,CW3500,CW30,XL,286.0,KT,STL
KT,STL-L,CW3500,CW30,XS,42.0,KT,STL
KT,STL-L,CW3500,CW50,M,31.0,KT,STL
KT,STL-L,CW3500,CW50,S,33.0,KT,STL
KT,STL-L,CW3500,CW50,XL,25.0,KT,STL
KT,STL-L,CW3560,CW30,XS,1.0,KT,STL
KT,STL-L,CW3910,CW30,XL,24.0,KT,STL
KT,STL-L,CW4051,CW40,L,134.0,KT,STL
KT,STL-L,CW4051,CW40,M,122.0,KT,STL
KT,STL-L,CW4325,CW105,L,41.0,KT,STL
KT,STL-L,CW4325,CW105,M,47.0,KT,STL
KT,STL-L,CW4325,CW105,S,100.0,KT,STL
KT,STL-L,CW4325,CW105,XS,29.0,KT,STL
KT,STL-L,CW4325,CW30,2X,11.0,KT,STL
KT,STL-L,CW4325,CW30,L,3.0,KT,STL
KT,STL-L,CW4325,CW30,S,24.0,KT,STL
KT,STL-L,CW4325,CW30,XL,50.0,KT,STL
KT,STL-L,CW4325,CW650,M,72.0,KT,STL
KT,STL-L,CW4328,CW40,S,29.0,KT,STL
KT,STL-L,CW4412,CW105,L,39.0,KT,STL
KT,STL-L,CW4412,CW105,M,11.0,KT,STL
KT,STL-L,CW4412,CW105,XL,35.0,KT,STL
KT,STL-L,CW4412,CW30,2X,2.0,KT,STL
KT,STL-L,CW4412,CW40,2X,48.0,KT,STL
KT,STL-L,CW4412,CW40,L,13.0,KT,STL
KT,STL-L,CW4412,CW40,M,20.0,KT,STL
KT,STL-L,CW4412,CW40,XS,19.0,KT,STL
KT,STL-L,CW4412,CW650,3X,31.0,KT,STL
KT,STL-L,CW4412,CW650,L,6.0,KT,STL
KT,STL-L,CW4413,CW105,L,26.0,KT,STL
KT,STL-L,CW4413,CW105,M,4.0,KT,STL
KT,STL-L,CW4413,CW105,XL,14.0,KT,STL
KT,STL-L,CW4413,CW30,M,35.0,KT,STL
KT,STL-L,CW4413,CW40,L,86.0,KT,STL
KT,STL-L,CW4413,CW40,S,63.0,KT,STL
KT,STL-L,CW4413,CW650,3X,3.0,KT,STL
KT,STL-L,CW4413,CW650,4X,12.0,KT,STL
KT,STL-L,CW4413,CW650,L,18.0,KT,STL
KT,STL-L,CW4413,CW650,XL,5.0,KT,STL
KT,STL-L,CW4413,CW650,XS,10.0,KT,STL
KT,STL-L,CW5625,CW105,S,13.0,KT,STL
KT,STL-L,CW5625,CW40,L,32.0,KT,STL
KT,STL-L,CW5625,CW40,M,14.0,KT,STL
KT,STL-L,CW5625,CW650,XL,4.0,KT,STL
KT,STL-L,CW5626,CW40,M,30.0,KT,STL
KT,STL-L,CW5630,CW30,2X,9.0,KT,STL
KT,STL-L,CW5630,CW30,3X,19.0,KT,STL
KT,STL-L,CW5630,CW30,L,5.0,KT,STL
KT,STL-L,CW5630,CW30,M,1.0,KT,STL
KT,STL-L,CW5630,CW30,S,11.0,KT,STL
KT,STL-L,CW5630,CW30,XS,20.0,KT,STL
KT,STL-L,CW5630,CW40,2X,19.0,KT,STL
KT,STL-L,CW5630,CW40,3X,23.0,KT,STL
KT,STL-L,CW5630,CW40,L,103.0,KT,STL
KT,STL-L,CW5630,CW40,M,100.0,KT,STL
KT,STL-L,CW5630,CW40,S,22.0,KT,STL
KT,STL-L,CW5630,CW40,XL,97.0,KT,STL
KT,STL-L,CW5630,CW40,XS,22.0,KT,STL
KT,STL-L,CW5631,CW30,L,16.0,KT,STL
KT,STL-L,CW5631,CW30,XL,22.0,KT,STL
KT,STL-L,CW5631,CW30,XS,23.0,KT,STL
KT,STL-L,CW5632,CW30,3X,19.0,KT,STL
KT,STL-L,CW5632,CW30,L,170.0,KT,STL
KT,STL-L,CW5632,CW30,M,74.0,KT,STL
KT,STL-L,CW5632,CW30,XL,38.0,KT,STL
KT,STL-L,CW5632,CW40,L,72.0,KT,STL
KT,STL-L,CW5883,CW190,S,1.0,KT,STL
KT,STL-L,CWC455,CW40,L,35.0,KT,STL
KT,STL-L,CWC701,CW105,L,15.0,KT,STL
KT,STL-L,CWC701,CW105,M,63.0,KT,STL
KT,STL-L,CWC701,CW30,L,7.0,KT,STL
KT,STL-L,CWC701,CW30,M,27.0,KT,STL
KT,STL-L,CWC701,CW30,XL,5.0,KT,STL
KT,STL-L,LB400,BLK,2XL,43.0,KT,STL
KT,STL-L,LB400,BLK,3XL,11.0,KT,STL
KT,STL-L,LB400,BLK,4XL,7.0,KT,STL
KT,STL-L,LB400,BLK,S,388.0,KT,STL
KT,STL-L,LB400,BLK,XL,12.0,KT,STL
KT,STL-L,LB400,BLK,XS,247.0,KT,STL
KT,STL-L,LB400,CARB,4XL,1.0,KT,STL
KT,STL-L,LB400,CARB,5XL,1.0,KT,STL
KT,STL-L,LB400,CARB,L,21.0,KT,STL
KT,STL-L,LB400,CARB,M,93.0,KT,STL
KT,STL-L,LB400,CARB,XL,36.0,KT,STL
KT,STL-L,LB400,CEIL,2XL,55.0,KT,STL
KT,STL-L,LB400,CEIL,3XL,34.0,KT,STL
KT,STL-L,LB400,CEIL,4XL,15.0,KT,STL
KT,STL-L,LB400,CEIL,5XL,12.0,KT,STL
KT,STL-L,LB400,CEIL,L,135.0,KT,STL
KT,STL-L,LB400,CEIL,M,19.0,KT,STL
KT,STL-L,LB400,CEIL,S,35.0,KT,STL
KT,STL-L,LB400,CEIL,XL,48.0,KT,STL
KT,STL-L,LB400,CEIL,XS,11.0,KT,STL
KT,STL-L,LB400,CIT,2XL,30.0,KT,STL
KT,STL-L,LB400,CIT,L,43.0,KT,STL
KT,STL-L,LB400,CIT,XL,2.0,KT,STL
KT,STL-L,LB400,GALX,2XL,45.0,KT,STL
KT,STL-L,LB400,GALX,3XL,19.0,KT,STL
KT,STL-L,LB400,GALX,5XL,9.0,KT,STL
KT,STL-L,LB400,GALX,M,21.0,KT,STL
KT,STL-L,LB400,GALX,S,3.0,KT,STL
KT,STL-L,LB400,GALX,XL,76.0,KT,STL
KT,STL-L,LB400,GALX,XXS,2.0,KT,STL
KT,STL-L,LB400,NVY,3XL,20.0,KT,STL
KT,STL-L,LB400,NVY,4XL,11.0,KT,STL
KT,STL-L,LB400,NVY,5XL,17.0,KT,STL
KT,STL-L,LB400,NVY,L,77.0,KT,STL
KT,STL-L,LB400,NVY,M,133.0,KT,STL
KT,STL-L,LB400,NVY,S,62.0,KT,STL
KT,STL-L,LB400,NVY,XL,57.0,KT,STL
KT,STL-L,LB400,NVY,XS,93.0,KT,STL
KT,STL-L,LB400,NVY,XXS,121.0,KT,STL
KT,STL-L,LB400,PEWT,2XL,122.0,KT,STL
KT,STL-L,LB400,PEWT,3XL,49.0,KT,STL
KT,STL-L,LB400,PEWT,4XL,28.0,KT,STL
KT,STL-L,LB400,PEWT,5XL,35.0,KT,STL
KT,STL-L,LB400,PEWT,L,149.0,KT,STL
KT,STL-L,LB400,PEWT,M,384.0,KT,STL
KT,STL-L,LB400,PEWT,S,186.0,KT,STL
KT,STL-L,LB400,PEWT,XL,27.0,KT,STL
KT,STL-L,LB400,PEWT,XS,95.0,KT,STL
KT,STL-L,LB400,PEWT,XXS,72.0,KT,STL
KT,STL-L,LB400,RED,2XL,9.0,KT,STL
KT,STL-L,LB400,RED,4XL,15.0,KT,STL
KT,STL-L,LB400,RED,5XL,11.0,KT,STL
KT,STL-L,LB400,RED,L,36.0,KT,STL
KT,STL-L,LB400,RED,M,78.0,KT,STL
KT,STL-L,LB400,RED,S,49.0,KT,STL
KT,STL-L,LB400,RED,XL,13.0,KT,STL
KT,STL-L,LB400,RED,XS,2.0,KT,STL
KT,STL-L,LB400,RED,XXS,20.0,KT,STL
KT,STL-L,LB400,ROYL,2XL,78.0,KT,STL
KT,STL-L,LB400,ROYL,4XL,8.0,KT,STL
KT,STL-L,LB400,ROYL,5XL,35.0,KT,STL
KT,STL-L,LB400,ROYL,L,130.0,KT,STL
KT,STL-L,LB400,ROYL,M,15.0,KT,STL
KT,STL-L,LB400,ROYL,S,101.0,KT,STL
KT,STL-L,LB400,ROYL,XL,40.0,KT,STL
KT,STL-L,LB400,ROYL,XS,138.0,KT,STL
KT,STL-L,LB400,WHT,2XL,40.0,KT,STL
KT,STL-L,LB400,WHT,3XL,2.0,KT,STL
KT,STL-L,LB400,WHT,4XL,2.0,KT,STL
KT,STL-L,LB400,WHT,5XL,2.0,KT,STL
KT,STL-L,LB400,WHT,L,62.0,KT,STL
KT,STL-L,LB400,WHT,M,29.0,KT,STL
KT,STL-L,LB400,WHT,S,139.0,KT,STL
KT,STL-L,LB400,WHT,XL,33.0,KT,STL
KT,STL-L,LB400,WHT,XS,2.0,KT,STL
KT,STL-L,LB400,WHT,XXS,2.0,KT,STL
KT,STL-L,LB400,WINE,2XL,59.0,KT,STL
KT,STL-L,LB400,WINE,3XL,18.0,KT,STL
KT,STL-L,LB400,WINE,4XL,3.0,KT,STL
KT,STL-L,LB400,WINE,5XL,10.0,KT,STL
KT,STL-L,LB400,WINE,M,61.0,KT,STL
KT,STL-L,LB400,WINE,S,154.0,KT,STL
KT,STL-L,LB400,WINE,XS,293.0,KT,STL
KT,STL-L,LB400P,BLK,P2X,36.0,KT,STL
KT,STL-L,LB400P,BLK,PL,29.0,KT,STL
KT,STL-L,LB400P,BLK,PM,27.0,KT,STL
KT,STL-L,LB400P,BLK,PXL,95.0,KT,STL
KT,STL-L,LB400P,BLK,PXXS,44.0,KT,STL
KT,STL-L,LB400P,CARB,PM,26.0,KT,STL
KT,STL-L,LB400P,CEIL,P2X,2.0,KT,STL
KT,STL-L,LB400P,CEIL,P3X,4.0,KT,STL
KT,STL-L,LB400P,CEIL,PL,17.0,KT,STL
KT,STL-L,LB400P,CEIL,PM,4.0,KT,STL
KT,STL-L,LB400P,CEIL,PS,107.0,KT,STL
KT,STL-L,LB400P,CEIL,PXL,32.0,KT,STL
KT,STL-L,LB400P,CEIL,PXXS,10.0,KT,STL
KT,STL-L,LB400P,CIT,P2X,9.0,KT,STL
KT,STL-L,LB400P,CIT,PS,2.0,KT,STL
KT,STL-L,LB400P,CIT,PXL,6.0,KT,STL
KT,STL-L,LB400P,CIT,PXS,3.0,KT,STL
KT,STL-L,LB400P,GALX,P2X,2.0,KT,STL
KT,STL-L,LB400P,GALX,P3X,3.0,KT,STL
KT,STL-L,LB400P,GALX,PL,27.0,KT,STL
KT,STL-L,LB400P,GALX,PM,28.0,KT,STL
KT,STL-L,LB400P,GALX,PS,3.0,KT,STL
KT,STL-L,LB400P,GALX,PXL,21.0,KT,STL
KT,STL-L,LB400P,GALX,PXS,2.0,KT,STL
KT,STL-L,LB400P,GALX,PXXS,2.0,KT,STL
KT,STL-L,LB400P,NVY,P2X,32.0,KT,STL
KT,STL-L,LB400P,NVY,P3X,11.0,KT,STL
KT,STL-L,LB400P,NVY,PL,5.0,KT,STL
KT,STL-L,LB400P,NVY,PM,5.0,KT,STL
KT,STL-L,LB400P,NVY,PS,70.0,KT,STL
KT,STL-L,LB400P,NVY,PXL,34.0,KT,STL
KT,STL-L,LB400P,NVY,PXS,42.0,KT,STL
KT,STL-L,LB400P,NVY,PXXS,65.0,KT,STL
KT,STL-L,LB400P,PEWT,P2X,4.0,KT,STL
KT,STL-L,LB400P,PEWT,P3X,24.0,KT,STL
KT,STL-L,LB400P,PEWT,PL,5.0,KT,STL
KT,STL-L,LB400P,PEWT,PM,96.0,KT,STL
KT,STL-L,LB400P,PEWT,PS,66.0,KT,STL
KT,STL-L,LB400P,PEWT,PXL,38.0,KT,STL
KT,STL-L,LB400P,PEWT,PXS,17.0,KT,STL
KT,STL-L,LB400P,PEWT,PXXS,85.0,KT,STL
KT,STL-L,LB400P,RED,P2X,1.0,KT,STL
KT,STL-L,LB400P,RED,PXL,5.0,KT,STL
KT,STL-L,LB400P,RED,PXS,19.0,KT,STL
KT,STL-L,LB400P,ROYL,P2X,50.0,KT,STL
KT,STL-L,LB400P,ROYL,P3X,1.0,KT,STL
KT,STL-L,LB400P,ROYL,PL,36.0,KT,STL
KT,STL-L,LB400P,ROYL,PM,1.0,KT,STL
KT,STL-L,LB400P,ROYL,PS,38.0,KT,STL
KT,STL-L,LB400P,ROYL,PXL,39.0,KT,STL
KT,STL-L,LB400P,ROYL,PXS,1.0,KT,STL
KT,STL-L,LB400P,ROYL,PXXS,46.0,KT,STL
KT,STL-L,LB400P,WHT,P2X,13.0,KT,STL
KT,STL-L,LB400P,WHT,P3X,22.0,KT,STL
KT,STL-L,LB400P,WHT,PL,24.0,KT,STL
KT,STL-L,LB400P,WHT,PM,12.0,KT,STL
KT,STL-L,LB400P,WHT,PS,2.0,KT,STL
KT,STL-L,LB400P,WHT,PXS,10.0,KT,STL
KT,STL-L,LB400P,WHT,PXXS,19.0,KT,STL
KT,STL-L,LB400P,WINE,P2X,21.0,KT,STL
KT,STL-L,LB400P,WINE,P3X,4.0,KT,STL
KT,STL-L,LB400P,WINE,PL,11.0,KT,STL
KT,STL-L,LB400P,WINE,PS,36.0,KT,STL
KT,STL-L,LB400P,WINE,PXL,11.0,KT,STL
KT,STL-L,LB400P,WINE,PXS,90.0,KT,STL
KT,STL-L,LB400P,WINE,PXXS,31.0,KT,STL
KT,STL-L,LB400T,BLK,TXL,5.0,KT,STL
KT,STL-L,LB400T,CARB,T2X,6.0,KT,STL
KT,STL-L,LB400T,CARB,TL,9.0,KT,STL
KT,STL-L,LB400T,CARB,TS,8.0,KT,STL
KT,STL-L,LB400T,CARB,TXL,11.0,KT,STL
KT,STL-L,LB400T,CARB,TXS,10.0,KT,STL
KT,STL-L,LB400T,CEIL,TL,4.0,KT,STL
KT,STL-L,LB400T,CEIL,TM,48.0,KT,STL
KT,STL-L,LB400T,CEIL,TS,11.0,KT,STL
KT,STL-L,LB400T,CEIL,TXS,23.0,KT,STL
KT,STL-L,LB400T,GALX,T2X,4.0,KT,STL
KT,STL-L,LB400T,GALX,TL,44.0,KT,STL
KT,STL-L,LB400T,GALX,TM,6.0,KT,STL
KT,STL-L,LB400T,GALX,TS,24.0,KT,STL
KT,STL-L,LB400T,GALX,TXL,5.0,KT,STL
KT,STL-L,LB400T,GALX,TXS,26.0,KT,STL
KT,STL-L,LB400T,NVY,T2X,2.0,KT,STL
KT,STL-L,LB400T,NVY,TM,3.0,KT,STL
KT,STL-L,LB400T,PEWT,T2X,28.0,KT,STL
KT,STL-L,LB400T,PEWT,TL,23.0,KT,STL
KT,STL-L,LB400T,PEWT,TS,28.0,KT,STL
KT,STL-L,LB400T,PEWT,TXL,43.0,KT,STL
KT,STL-L,LB400T,PEWT,TXS,6.0,KT,STL
KT,STL-L,LB400T,RED,T2X,1.0,KT,STL
KT,STL-L,LB400T,RED,TM,7.0,KT,STL
KT,STL-L,LB400T,RED,TXL,1.0,KT,STL
KT,STL-L,LB400T,RED,TXS,4.0,KT,STL
KT,STL-L,LB400T,ROYL,T2X,25.0,KT,STL
KT,STL-L,LB400T,ROYL,TM,5.0,KT,STL
KT,STL-L,LB400T,WHT,T2X,4.0,KT,STL
KT,STL-L,LB400T,WHT,TL,1.0,KT,STL
KT,STL-L,LB400T,WHT,TM,6.0,KT,STL
KT,STL-L,LB400T,WHT,TS,18.0,KT,STL
KT,STL-L,LB400T,WHT,TXL,26.0,KT,STL
KT,STL-L,LB400T,WHT,TXS,12.0,KT,STL
KT,STL-L,LB400T,WINE,T2X,19.0,KT,STL
KT,STL-L,LB400T,WINE,TL,6.0,KT,STL
KT,STL-L,LB400T,WINE,TM,39.0,KT,STL
KT,STL-L,LB400T,WINE,TS,17.0,KT,STL
KT,STL-L,LB400T,WINE,TXL,17.0,KT,STL
KT,STL-L,LB400T,WINE,TXS,9.0,KT,STL
KT,STL-L,LB401,BLK,2XL,13.0,KT,STL
KT,STL-L,LB401,BLK,3XL,165.0,KT,STL
KT,STL-L,LB401,BLK,5XL,37.0,KT,STL
KT,STL-L,LB401,BLK,L,3.0,KT,STL
KT,STL-L,LB401,BLK,S,117.0,KT,STL
KT,STL-L,LB401,BLK,XL,17.0,KT,STL
KT,STL-L,LB401,CARB,4XL,1.0,KT,STL
KT,STL-L,LB401,CARB,5XL,1.0,KT,STL
KT,STL-L,LB401,CARB,M,26.0,KT,STL
KT,STL-L,LB401,CEIL,3XL,9.0,KT,STL
KT,STL-L,LB401,CEIL,4XL,9.0,KT,STL
KT,STL-L,LB401,CEIL,5XL,12.0,KT,STL
KT,STL-L,LB401,CIT,L,29.0,KT,STL
KT,STL-L,LB401,CIT,M,161.0,KT,STL
KT,STL-L,LB401,CIT,S,70.0,KT,STL
KT,STL-L,LB401,CIT,XS,44.0,KT,STL
KT,STL-L,LB401,GALX,2XL,53.0,KT,STL
KT,STL-L,LB401,GALX,3XL,40.0,KT,STL
KT,STL-L,LB401,GALX,4XL,2.0,KT,STL
KT,STL-L,LB401,GALX,5XL,11.0,KT,STL
KT,STL-L,LB401,GALX,L,167.0,KT,STL
KT,STL-L,LB401,GALX,M,2.0,KT,STL
KT,STL-L,LB401,GALX,S,177.0,KT,STL
KT,STL-L,LB401,GALX,XL,80.0,KT,STL
KT,STL-L,LB401,GALX,XXS,11.0,KT,STL
KT,STL-L,LB401,NUGR,XS,191.0,KT,STL
KT,STL-L,LB401,NVY,2XL,63.0,KT,STL
KT,STL-L,LB401,NVY,3XL,36.0,KT,STL
KT,STL-L,LB401,NVY,4XL,7.0,KT,STL
KT,STL-L,LB401,NVY,5XL,21.0,KT,STL
KT,STL-L,LB401,NVY,L,102.0,KT,STL
KT,STL-L,LB401,NVY,XL,80.0,KT,STL
KT,STL-L,LB401,PEWT,2XL,117.0,KT,STL
KT,STL-L,LB401,PEWT,3XL,54.0,KT,STL
KT,STL-L,LB401,PEWT,4XL,20.0,KT,STL
KT,STL-L,LB401,PEWT,5XL,28.0,KT,STL
KT,STL-L,LB401,PEWT,L,71.0,KT,STL
KT,STL-L,LB401,PEWT,M,176.0,KT,STL
KT,STL-L,LB401,PEWT,S,45.0,KT,STL
KT,STL-L,LB401,PEWT,XL,162.0,KT,STL
KT,STL-L,LB401,PEWT,XS,35.0,KT,STL
KT,STL-L,LB401,PEWT,XXS,5.0,KT,STL
KT,STL-L,LB401,RED,2XL,28.0,KT,STL
KT,STL-L,LB401,RED,3XL,11.0,KT,STL
KT,STL-L,LB401,RED,4XL,3.0,KT,STL
KT,STL-L,LB401,RED,L,28.0,KT,STL
KT,STL-L,LB401,RED,M,5.0,KT,STL
KT,STL-L,LB401,RED,XS,21.0,KT,STL
KT,STL-L,LB401,ROYL,2XL,90.0,KT,STL
KT,STL-L,LB401,ROYL,3XL,47.0,KT,STL
KT,STL-L,LB401,ROYL,5XL,5.0,KT,STL
KT,STL-L,LB401,ROYL,L,82.0,KT,STL
KT,STL-L,LB401,ROYL,M,70.0,KT,STL
KT,STL-L,LB401,ROYL,S,22.0,KT,STL
KT,STL-L,LB401,ROYL,XL,94.0,KT,STL
KT,STL-L,LB401,WHT,2XL,31.0,KT,STL
KT,STL-L,LB401,WHT,3XL,5.0,KT,STL
KT,STL-L,LB401,WHT,4XL,3.0,KT,STL
KT,STL-L,LB401,WHT,5XL,24.0,KT,STL
KT,STL-L,LB401,WHT,L,25.0,KT,STL
KT,STL-L,LB401,WHT,M,27.0,KT,STL
KT,STL-L,LB401,WHT,S,33.0,KT,STL
KT,STL-L,LB401,WHT,XL,40.0,KT,STL
KT,STL-L,LB401,WHT,XS,31.0,KT,STL
KT,STL-L,LB401,WHT,XXS,3.0,KT,STL
KT,STL-L,LB401,WINE,2XL,155.0,KT,STL
KT,STL-L,LB401,WINE,3XL,26.0,KT,STL
KT,STL-L,LB401,WINE,XL,33.0,KT,STL
KT,STL-L,LB401,WINE,XS,229.0,KT,STL
KT,STL-L,LB401,WINE,XXS,6.0,KT,STL
KT,STL-L,LB401P,BLK,P2X,5.0,KT,STL
KT,STL-L,LB401P,BLK,P3X,4.0,KT,STL
KT,STL-L,LB401P,BLK,PXXS,3.0,KT,STL
KT,STL-L,LB401P,CARB,P3X,1.0,KT,STL
KT,STL-L,LB401P,CARB,PL,9.0,KT,STL
KT,STL-L,LB401P,CEIL,P2X,10.0,KT,STL
KT,STL-L,LB401P,CEIL,P3X,21.0,KT,STL
KT,STL-L,LB401P,CEIL,PXL,34.0,KT,STL
KT,STL-L,LB401P,CEIL,PXS,75.0,KT,STL
KT,STL-L,LB401P,CIT,P2X,10.0,KT,STL
KT,STL-L,LB401P,CIT,P3X,28.0,KT,STL
KT,STL-L,LB401P,CIT,PM,31.0,KT,STL
KT,STL-L,LB401P,CIT,PXL,9.0,KT,STL
KT,STL-L,LB401P,GALX,P2X,12.0,KT,STL
KT,STL-L,LB401P,GALX,P3X,2.0,KT,STL
KT,STL-L,LB401P,GALX,PL,33.0,KT,STL
KT,STL-L,LB401P,GALX,PM,35.0,KT,STL
KT,STL-L,LB401P,GALX,PXL,22.0,KT,STL
KT,STL-L,LB401P,GALX,PXS,62.0,KT,STL
KT,STL-L,LB401P,GALX,PXXS,31.0,KT,STL
KT,STL-L,LB401P,NUGR,PM,412.0,KT,STL
KT,STL-L,LB401P,NVY,P2X,2.0,KT,STL
KT,STL-L,LB401P,PEWT,P2X,8.0,KT,STL
KT,STL-L,LB401P,PEWT,P3X,6.0,KT,STL
KT,STL-L,LB401P,PEWT,PM,53.0,KT,STL
KT,STL-L,LB401P,PEWT,PXL,69.0,KT,STL
KT,STL-L,LB401P,PEWT,PXS,4.0,KT,STL
KT,STL-L,LB401P,PEWT,PXXS,7.0,KT,STL
KT,STL-L,LB401P,RED,P2X,1.0,KT,STL
KT,STL-L,LB401P,RED,P3X,1.0,KT,STL
KT,STL-L,LB401P,RED,PL,1.0,KT,STL
KT,STL-L,LB401P,RED,PS,20.0,KT,STL
KT,STL-L,LB401P,RED,PXL,19.0,KT,STL
KT,STL-L,LB401P,ROYL,PL,36.0,KT,STL
KT,STL-L,LB401P,ROYL,PXL,41.0,KT,STL
KT,STL-L,LB401P,ROYL,PXS,3.0,KT,STL
KT,STL-L,LB401P,ROYL,PXXS,16.0,KT,STL
KT,STL-L,LB401P,WHT,P2X,17.0,KT,STL
KT,STL-L,LB401P,WHT,P3X,1.0,KT,STL
KT,STL-L,LB401P,WHT,PL,63.0,KT,STL
KT,STL-L,LB401P,WHT,PM,32.0,KT,STL
KT,STL-L,LB401P,WHT,PS,31.0,KT,STL
KT,STL-L,LB401P,WHT,PXL,45.0,KT,STL
KT,STL-L,LB401P,WHT,PXS,22.0,KT,STL
KT,STL-L,LB401P,WHT,PXXS,16.0,KT,STL
KT,STL-L,LB401P,WINE,P2X,1.0,KT,STL
KT,STL-L,LB401P,WINE,P3X,10.0,KT,STL
KT,STL-L,LB401P,WINE,PXL,67.0,KT,STL
KT,STL-L,LB401P,WINE,PXS,21.0,KT,STL
KT,STL-L,LB401P,WINE,PXXS,2.0,KT,STL
KT,STL-L,LB401T,CARB,T2X,7.0,KT,STL
KT,STL-L,LB401T,CARB,TL,17.0,KT,STL
KT,STL-L,LB401T,CARB,TS,8.0,KT,STL
KT,STL-L,LB401T,CARB,TXL,7.0,KT,STL
KT,STL-L,LB401T,CARB,TXS,9.0,KT,STL
KT,STL-L,LB401T,CEIL,T2X,9.0,KT,STL
KT,STL-L,LB401T,CEIL,TL,7.0,KT,STL
KT,STL-L,LB401T,CEIL,TXL,8.0,KT,STL
KT,STL-L,LB401T,GALX,T2X,21.0,KT,STL
KT,STL-L,LB401T,GALX,TL,10.0,KT,STL
KT,STL-L,LB401T,GALX,TS,1.0,KT,STL
KT,STL-L,LB401T,GALX,TXL,11.0,KT,STL
KT,STL-L,LB401T,GALX,TXS,11.0,KT,STL
KT,STL-L,LB401T,NVY,T2X,17.0,KT,STL
KT,STL-L,LB401T,PEWT,TL,14.0,KT,STL
KT,STL-L,LB401T,PEWT,TM,7.0,KT,STL
KT,STL-L,LB401T,PEWT,TXS,20.0,KT,STL
KT,STL-L,LB401T,RED,T2X,6.0,KT,STL
KT,STL-L,LB401T,RED,TM,3.0,KT,STL
KT,STL-L,LB401T,RED,TS,11.0,KT,STL
KT,STL-L,LB401T,RED,TXL,3.0,KT,STL
KT,STL-L,LB401T,RED,TXS,41.0,KT,STL
KT,STL-L,LB401T,ROYL,TL,1.0,KT,STL
KT,STL-L,LB401T,ROYL,TS,1.0,KT,STL
KT,STL-L,LB401T,WHT,T2X,4.0,KT,STL
KT,STL-L,LB401T,WHT,TL,3.0,KT,STL
KT,STL-L,LB401T,WHT,TM,4.0,KT,STL
KT,STL-L,LB401T,WHT,TS,6.0,KT,STL
KT,STL-L,LB401T,WHT,TXL,2.0,KT,STL
KT,STL-L,LB401T,WHT,TXS,5.0,KT,STL
KT,STL-L,LB401T,WINE,TS,12.0,KT,STL
KT,STL-L,LB401T,WINE,TXS,11.0,KT,STL
KT,STL-L,LB409,BLK,2XL,53.0,KT,STL
KT,STL-L,LB409,BLK,4XL,2.0,KT,STL
KT,STL-L,LB409,BLK,5XL,1.0,KT,STL
KT,STL-L,LB409,BLK,L,64.0,KT,STL
KT,STL-L,LB409,BLK,M,378.0,KT,STL
KT,STL-L,LB409,BLK,S,21.0,KT,STL
KT,STL-L,LB409,CEIL,2XL,1.0,KT,STL
KT,STL-L,LB409,CEIL,3XL,2.0,KT,STL
KT,STL-L,LB409,CEIL,4XL,1.0,KT,STL
KT,STL-L,LB409,CEIL,5XL,1.0,KT,STL
KT,STL-L,LB409,CEIL,L,1.0,KT,STL
KT,STL-L,LB409,CEIL,M,3.0,KT,STL
KT,STL-L,LB409,CEIL,S,38.0,KT,STL
KT,STL-L,LB409,CEIL,XL,2.0,KT,STL
KT,STL-L,LB409,GALX,2XL,10.0,KT,STL
KT,STL-L,LB409,GALX,4XL,11.0,KT,STL
KT,STL-L,LB409,GALX,5XL,11.0,KT,STL
KT,STL-L,LB409,GALX,L,13.0,KT,STL
KT,STL-L,LB409,GALX,M,36.0,KT,STL
KT,STL-L,LB409,GALX,XL,1.0,KT,STL
KT,STL-L,LB409,GALX,XS,8.0,KT,STL
KT,STL-L,LB409,NVY,2XL,50.0,KT,STL
KT,STL-L,LB409,NVY,3XL,55.0,KT,STL
KT,STL-L,LB409,NVY,4XL,2.0,KT,STL
KT,STL-L,LB409,NVY,5XL,4.0,KT,STL
KT,STL-L,LB409,NVY,L,41.0,KT,STL
KT,STL-L,LB409,NVY,M,79.0,KT,STL
KT,STL-L,LB409,NVY,S,9.0,KT,STL
KT,STL-L,LB409,NVY,XL,156.0,KT,STL
KT,STL-L,LB409,NVY,XS,2.0,KT,STL
KT,STL-L,LB409,PEWT,2XL,26.0,KT,STL
KT,STL-L,LB409,PEWT,3XL,13.0,KT,STL
KT,STL-L,LB409,PEWT,4XL,5.0,KT,STL
KT,STL-L,LB409,PEWT,5XL,1.0,KT,STL
KT,STL-L,LB409,PEWT,L,27.0,KT,STL
KT,STL-L,LB409,PEWT,M,69.0,KT,STL
KT,STL-L,LB409,PEWT,S,28.0,KT,STL
KT,STL-L,LB409,PEWT,XL,26.0,KT,STL
KT,STL-L,LB409,ROYL,2XL,21.0,KT,STL
KT,STL-L,LB409,ROYL,3XL,12.0,KT,STL
KT,STL-L,LB409,ROYL,4XL,12.0,KT,STL
KT,STL-L,LB409,ROYL,5XL,12.0,KT,STL
KT,STL-L,LB409,ROYL,L,54.0,KT,STL
KT,STL-L,LB409,ROYL,M,67.0,KT,STL
KT,STL-L,LB409,ROYL,S,66.0,KT,STL
KT,STL-L,LB409,ROYL,XL,3.0,KT,STL
KT,STL-L,LB409,ROYL,XS,8.0,KT,STL
KT,STL-L,LB409,WHT,3XL,1.0,KT,STL
KT,STL-L,LB409,WHT,4XL,1.0,KT,STL
KT,STL-L,LB409,WHT,5XL,1.0,KT,STL
KT,STL-L,LB409,WHT,XS,3.0,KT,STL
KT,STL-L,LB409,WINE,2XL,53.0,KT,STL
KT,STL-L,LB409,WINE,3XL,11.0,KT,STL
KT,STL-L,LB409,WINE,4XL,5.0,KT,STL
KT,STL-L,LB409,WINE,5XL,1.0,KT,STL
KT,STL-L,LB409,WINE,L,31.0,KT,STL
KT,STL-L,LB409,WINE,M,95.0,KT,STL
KT,STL-L,LB409,WINE,S,26.0,KT,STL
KT,STL-L,LB409,WINE,XL,3.0,KT,STL
KT,STL-L,LB409S,BLK,S2X,11.0,KT,STL
KT,STL-L,LB409S,BLK,SL,42.0,KT,STL
KT,STL-L,LB409S,BLK,SM,5.0,KT,STL
KT,STL-L,LB409S,BLK,SXL,20.0,KT,STL
KT,STL-L,LB409S,CARB,SL,1.0,KT,STL
KT,STL-L,LB409S,CARB,SM,19.0,KT,STL
KT,STL-L,LB409S,CARB,SS,10.0,KT,STL
KT,STL-L,LB409S,CEIL,S3X,2.0,KT,STL
KT,STL-L,LB409S,CEIL,SXL,1.0,KT,STL
KT,STL-L,LB409S,GALX,S2X,11.0,KT,STL
KT,STL-L,LB409S,GALX,S3X,2.0,KT,STL
KT,STL-L,LB409S,GALX,SL,12.0,KT,STL
KT,STL-L,LB409S,GALX,SS,13.0,KT,STL
KT,STL-L,LB409S,NVY,S2X,1.0,KT,STL
KT,STL-L,LB409S,NVY,SXL,4.0,KT,STL
KT,STL-L,LB409S,PEWT,S2X,24.0,KT,STL
KT,STL-L,LB409S,PEWT,S3X,10.0,KT,STL
KT,STL-L,LB409S,PEWT,SL,4.0,KT,STL
KT,STL-L,LB409S,PEWT,SM,1.0,KT,STL
KT,STL-L,LB409S,PEWT,SS,2.0,KT,STL
KT,STL-L,LB409S,PEWT,SXL,9.0,KT,STL
KT,STL-L,LB409S,ROYL,S2X,1.0,KT,STL
KT,STL-L,LB409S,ROYL,S3X,13.0,KT,STL
KT,STL-L,LB409S,ROYL,SM,1.0,KT,STL
KT,STL-L,LB409S,ROYL,SS,11.0,KT,STL
KT,STL-L,LB409S,ROYL,SXL,11.0,KT,STL
KT,STL-L,LB409S,WHT,S2X,18.0,KT,STL
KT,STL-L,LB409S,WHT,S3X,10.0,KT,STL
KT,STL-L,LB409S,WHT,SL,18.0,KT,STL
KT,STL-L,LB409S,WHT,SM,5.0,KT,STL
KT,STL-L,LB409S,WHT,SS,10.0,KT,STL
KT,STL-L,LB409S,WHT,SXL,11.0,KT,STL
KT,STL-L,LB409S,WINE,S2X,11.0,KT,STL
KT,STL-L,LB409S,WINE,S3X,6.0,KT,STL
KT,STL-L,LB409S,WINE,SL,7.0,KT,STL
KT,STL-L,LB409S,WINE,SXL,1.0,KT,STL
KT,STL-L,LB409T,BLK,TL,1.0,KT,STL
KT,STL-L,LB409T,BLK,TS,4.0,KT,STL
KT,STL-L,LB409T,BLK,TXL,2.0,KT,STL
KT,STL-L,LB409T,GALX,TM,9.0,KT,STL
KT,STL-L,LB409T,GALX,TXL,1.0,KT,STL
KT,STL-L,LB409T,NVY,TL,3.0,KT,STL
KT,STL-L,LB409T,NVY,TXL,1.0,KT,STL
KT,STL-L,LB409T,PEWT,TL,1.0,KT,STL
KT,STL-L,LB409T,PEWT,TS,1.0,KT,STL
KT,STL-L,LB409T,ROYL,TL,11.0,KT,STL
KT,STL-L,LB409T,ROYL,TS,1.0,KT,STL
KT,STL-L,LB409T,WHT,TL,1.0,KT,STL
KT,STL-L,LB409T,WHT,TM,12.0,KT,STL
KT,STL-L,LB409T,WHT,TS,20.0,KT,STL
KT,STL-L,LB409T,WHT,TXL,5.0,KT,STL
KT,STL-L,LB409T,WINE,TL,9.0,KT,STL
KT,STL-L,LB409T,WINE,TM,9.0,KT,STL
KT,STL-L,LB409T,WINE,TS,10.0,KT,STL
KT,STL-L,LB410,BLK,2XL,30.0,KT,STL
KT,STL-L,LB410,BLK,3XL,24.0,KT,STL
KT,STL-L,LB410,BLK,5XL,5.0,KT,STL
KT,STL-L,LB410,BLK,L,38.0,KT,STL
KT,STL-L,LB410,BLK,M,13.0,KT,STL
KT,STL-L,LB410,BLK,S,32.0,KT,STL
KT,STL-L,LB410,BLK,XL,4.0,KT,STL
KT,STL-L,LB410,BLK,XS,1.0,KT,STL
KT,STL-L,LB410,CARB,2XL,1.0,KT,STL
KT,STL-L,LB410,CARB,XL,19.0,KT,STL
KT,STL-L,LB410,CARB,XS,1.0,KT,STL
KT,STL-L,LB410,CEIL,5XL,1.0,KT,STL
KT,STL-L,LB410,CEIL,S,2.0,KT,STL
KT,STL-L,LB410,CEIL,XL,8.0,KT,STL
KT,STL-L,LB410,CEIL,XS,10.0,KT,STL
KT,STL-L,LB410,GALX,2XL,31.0,KT,STL
KT,STL-L,LB410,GALX,3XL,1.0,KT,STL
KT,STL-L,LB410,GALX,4XL,12.0,KT,STL
KT,STL-L,LB410,GALX,5XL,12.0,KT,STL
KT,STL-L,LB410,GALX,L,34.0,KT,STL
KT,STL-L,LB410,GALX,M,36.0,KT,STL
KT,STL-L,LB410,GALX,S,3.0,KT,STL
KT,STL-L,LB410,GALX,XL,3.0,KT,STL
KT,STL-L,LB410,GALX,XS,4.0,KT,STL
KT,STL-L,LB410,NVY,2XL,30.0,KT,STL
KT,STL-L,LB410,NVY,3XL,18.0,KT,STL
KT,STL-L,LB410,NVY,4XL,11.0,KT,STL
KT,STL-L,LB410,NVY,5XL,16.0,KT,STL
KT,STL-L,LB410,NVY,L,29.0,KT,STL
KT,STL-L,LB410,NVY,M,60.0,KT,STL
KT,STL-L,LB410,NVY,S,17.0,KT,STL
KT,STL-L,LB410,NVY,XL,10.0,KT,STL
KT,STL-L,LB410,NVY,XS,2.0,KT,STL
KT,STL-L,LB410,PEWT,2XL,18.0,KT,STL
KT,STL-L,LB410,PEWT,3XL,10.0,KT,STL
KT,STL-L,LB410,PEWT,4XL,15.0,KT,STL
KT,STL-L,LB410,PEWT,5XL,12.0,KT,STL
KT,STL-L,LB410,PEWT,M,7.0,KT,STL
KT,STL-L,LB410,PEWT,S,37.0,KT,STL
KT,STL-L,LB410,PEWT,XS,2.0,KT,STL
KT,STL-L,LB410,ROYL,2XL,1.0,KT,STL
KT,STL-L,LB410,ROYL,3XL,1.0,KT,STL
KT,STL-L,LB410,ROYL,4XL,1.0,KT,STL
KT,STL-L,LB410,ROYL,5XL,1.0,KT,STL
KT,STL-L,LB410,ROYL,L,52.0,KT,STL
KT,STL-L,LB410,ROYL,M,64.0,KT,STL
KT,STL-L,LB410,ROYL,S,36.0,KT,STL
KT,STL-L,LB410,ROYL,XL,40.0,KT,STL
KT,STL-L,LB410,ROYL,XS,4.0,KT,STL
KT,STL-L,LB410,WHT,2XL,1.0,KT,STL
KT,STL-L,LB410,WHT,L,6.0,KT,STL
KT,STL-L,LB410,WHT,M,33.0,KT,STL
KT,STL-L,LB410,WHT,S,19.0,KT,STL
KT,STL-L,LB410,WHT,XL,22.0,KT,STL
KT,STL-L,LB410,WHT,XS,9.0,KT,STL
KT,STL-L,LB410,WINE,2XL,41.0,KT,STL
KT,STL-L,LB410,WINE,3XL,1.0,KT,STL
KT,STL-L,LB410,WINE,4XL,22.0,KT,STL
KT,STL-L,LB410,WINE,5XL,1.0,KT,STL
KT,STL-L,LB410,WINE,L,11.0,KT,STL
KT,STL-L,LB410,WINE,M,31.0,KT,STL
KT,STL-L,LB410,WINE,S,40.0,KT,STL
KT,STL-L,LB410,WINE,XL,5.0,KT,STL
KT,STL-L,LB410S,BLK,S2X,2.0,KT,STL
KT,STL-L,LB410S,BLK,S3X,1.0,KT,STL
KT,STL-L,LB410S,BLK,SL,2.0,KT,STL
KT,STL-L,LB410S,BLK,SXL,1.0,KT,STL
KT,STL-L,LB410S,CEIL,S2X,1.0,KT,STL
KT,STL-L,LB410S,CEIL,S3X,1.0,KT,STL
KT,STL-L,LB410S,CEIL,SXL,6.0,KT,STL
KT,STL-L,LB410S,GALX,S2X,11.0,KT,STL
KT,STL-L,LB410S,GALX,S3X,1.0,KT,STL
KT,STL-L,LB410S,GALX,SL,14.0,KT,STL
KT,STL-L,LB410S,GALX,SS,22.0,KT,STL
KT,STL-L,LB410S,GALX,SXL,10.0,KT,STL
KT,STL-L,LB410S,NVY,SXL,10.0,KT,STL
KT,STL-L,LB410S,PEWT,S2X,18.0,KT,STL
KT,STL-L,LB410S,PEWT,S3X,9.0,KT,STL
KT,STL-L,LB410S,PEWT,SM,1.0,KT,STL
KT,STL-L,LB410S,PEWT,SXL,21.0,KT,STL
KT,STL-L,LB410S,ROYL,S2X,17.0,KT,STL
KT,STL-L,LB410S,ROYL,S3X,16.0,KT,STL
KT,STL-L,LB410S,ROYL,SS,1.0,KT,STL
KT,STL-L,LB410S,ROYL,SXL,12.0,KT,STL
KT,STL-L,LB410S,WHT,S2X,20.0,KT,STL
KT,STL-L,LB410S,WHT,S3X,3.0,KT,STL
KT,STL-L,LB410S,WHT,SL,9.0,KT,STL
KT,STL-L,LB410S,WHT,SM,8.0,KT,STL
KT,STL-L,LB410S,WHT,SS,11.0,KT,STL
KT,STL-L,LB410S,WHT,SXL,18.0,KT,STL
KT,STL-L,LB410S,WINE,S2X,1.0,KT,STL
KT,STL-L,LB410S,WINE,SL,11.0,KT,STL
KT,STL-L,LB410S,WINE,SM,13.0,KT,STL
KT,STL-L,LB410S,WINE,SS,14.0,KT,STL
KT,STL-L,LB410T,CEIL,TL,5.0,KT,STL
KT,STL-L,LB410T,CEIL,TXL,3.0,KT,STL
KT,STL-L,LB410T,GALX,TL,7.0,KT,STL
KT,STL-L,LB410T,GALX,TM,11.0,KT,STL
KT,STL-L,LB410T,GALX,TS,11.0,KT,STL
KT,STL-L,LB410T,GALX,TXL,13.0,KT,STL
KT,STL-L,LB410T,NVY,TL,18.0,KT,STL
KT,STL-L,LB410T,NVY,TM,23.0,KT,STL
KT,STL-L,LB410T,PEWT,TM,17.0,KT,STL
KT,STL-L,LB410T,PEWT,TS,22.0,KT,STL
KT,STL-L,LB410T,ROYL,TL,29.0,KT,STL
KT,STL-L,LB410T,ROYL,TM,1.0,KT,STL
KT,STL-L,LB410T,ROYL,TXL,19.0,KT,STL
KT,STL-L,LB410T,WHT,TL,11.0,KT,STL
KT,STL-L,LB410T,WHT,TM,1.0,KT,STL
KT,STL-L,LB410T,WHT,TS,1.0,KT,STL
KT,STL-L,LB410T,WHT,TXL,11.0,KT,STL
KT,STL-L,LB410T,WINE,TL,1.0,KT,STL
KT,STL-L,LB410T,WINE,TM,10.0,KT,STL
KT,STL-L,LB410T,WINE,TS,31.0,KT,STL
KT,STL-L,LB410T,WINE,TXL,1.0,KT,STL
KT,STL-L,LJ700,BLK,2XL,63.0,KT,STL
KT,STL-L,LJ700,BLK,3XL,66.0,KT,STL
KT,STL-L,LJ700,BLK,4XL,32.0,KT,STL
KT,STL-L,LJ700,BLK,5XL,3.0,KT,STL
KT,STL-L,LJ700,BLK,L,72.0,KT,STL
KT,STL-L,LJ700,BLK,M,261.0,KT,STL
KT,STL-L,LJ700,BLK,S,125.0,KT,STL
KT,STL-L,LJ700,BLK,XL,78.0,KT,STL
KT,STL-L,LJ700,BLK,XS,127.0,KT,STL
KT,STL-L,LJ700,BLK,XXS,35.0,KT,STL
KT,STL-L,LJ700,NVY,2XL,95.0,KT,STL
KT,STL-L,LJ700,NVY,3XL,60.0,KT,STL
KT,STL-L,LJ700,NVY,4XL,13.0,KT,STL
KT,STL-L,LJ700,NVY,L,200.0,KT,STL
KT,STL-L,LJ700,NVY,M,104.0,KT,STL
KT,STL-L,LJ700,NVY,S,109.0,KT,STL
KT,STL-L,LJ700,NVY,XL,217.0,KT,STL
KT,STL-L,LJ700,NVY,XS,114.0,KT,STL
KT,STL-L,LJ700,NVY,XXS,85.0,KT,STL
KT,STL-L,LJ700,PEWT,2XL,13.0,KT,STL
KT,STL-L,LJ700,PEWT,4XL,40.0,KT,STL
KT,STL-L,LJ700,PEWT,5XL,19.0,KT,STL
KT,STL-L,LJ700,PEWT,L,71.0,KT,STL
KT,STL-L,LJ700,PEWT,M,96.0,KT,STL
KT,STL-L,LJ700,PEWT,S,36.0,KT,STL
KT,STL-L,LJ700,PEWT,XL,223.0,KT,STL
KT,STL-L,LJ700,PEWT,XS,14.0,KT,STL
KT,STL-L,LJ700,PEWT,XXS,16.0,KT,STL
KT,STL-L,LJ700,WHT,2XL,26.0,KT,STL
KT,STL-L,LJ700,WHT,5XL,10.0,KT,STL
KT,STL-L,LJ700,WHT,L,46.0,KT,STL
KT,STL-L,LJ700,WHT,M,33.0,KT,STL
KT,STL-L,LJ700,WHT,S,66.0,KT,STL
KT,STL-L,LJ700,WHT,XL,37.0,KT,STL
KT,STL-L,LJ700,WHT,XS,7.0,KT,STL
KT,STL-L,LJ700,WHT,XXS,4.0,KT,STL
KT,STL-L,LJ701,CBPR,XLG,2.0,KT,STL
KT,STL-L,LJ703,BLK,2XL,1.0,KT,STL
KT,STL-L,LJ703,BLK,4XL,30.0,KT,STL
KT,STL-L,LJ703,BLK,L,29.0,KT,STL
KT,STL-L,LJ703,BLK,S,1.0,KT,STL
KT,STL-L,LJ703,NVY,2XL,68.0,KT,STL
KT,STL-L,LJ703,NVY,3XL,20.0,KT,STL
KT,STL-L,LJ703,NVY,L,64.0,KT,STL
KT,STL-L,LJ703,NVY,M,76.0,KT,STL
KT,STL-L,LJ703,PEWT,3XL,3.0,KT,STL
KT,STL-L,LJ703,PEWT,M,29.0,KT,STL
KT,STL-L,LJ703,WHT,3XL,1.0,KT,STL
KT,STL-L,LJ703,WHT,S,1.0,KT,STL
KT,STL-L,LJ703,WHT,XS,3.0,KT,STL
KT,STL-L,LT100,BLK,2XL,268.0,KT,STL
KT,STL-L,LT100,BLK,3XL,66.0,KT,STL
KT,STL-L,LT100,BLK,4XL,44.0,KT,STL
KT,STL-L,LT100,BLK,5XL,72.0,KT,STL
KT,STL-L,LT100,BLK,M,1.0,KT,STL
KT,STL-L,LT100,BLK,S,5.0,KT,STL
KT,STL-L,LT100,BLK,XL,168.0,KT,STL
KT,STL-L,LT100,BLK,XS,152.0,KT,STL
KT,STL-L,LT100,CARB,5XL,10.0,KT,STL
KT,STL-L,LT100,CEIL,2XL,36.0,KT,STL
KT,STL-L,LT100,CEIL,3XL,24.0,KT,STL
KT,STL-L,LT100,CEIL,5XL,1.0,KT,STL
KT,STL-L,LT100,CEIL,M,179.0,KT,STL
KT,STL-L,LT100,CEIL,S,26.0,KT,STL
KT,STL-L,LT100,CEIL,XXS,30.0,KT,STL
KT,STL-L,LT100,CIT,2XL,249.0,KT,STL
KT,STL-L,LT100,CIT,L,278.0,KT,STL
KT,STL-L,LT100,CIT,M,307.0,KT,STL
KT,STL-L,LT100,CIT,S,177.0,KT,STL
KT,STL-L,LT100,CIT,XL,586.0,KT,STL
KT,STL-L,LT100,CIT,XS,280.0,KT,STL
KT,STL-L,LT100,GALX,2XL,105.0,KT,STL
KT,STL-L,LT100,GALX,3XL,14.0,KT,STL
KT,STL-L,LT100,GALX,4XL,31.0,KT,STL
KT,STL-L,LT100,GALX,5XL,51.0,KT,STL
KT,STL-L,LT100,GALX,L,109.0,KT,STL
KT,STL-L,LT100,GALX,M,40.0,KT,STL
KT,STL-L,LT100,GALX,S,140.0,KT,STL
KT,STL-L,LT100,GALX,XL,46.0,KT,STL
KT,STL-L,LT100,GALX,XS,32.0,KT,STL
KT,STL-L,LT100,GALX,XXS,46.0,KT,STL
KT,STL-L,LT100,NVY,2XL,93.0,KT,STL
KT,STL-L,LT100,NVY,3XL,112.0,KT,STL
KT,STL-L,LT100,NVY,4XL,103.0,KT,STL
KT,STL-L,LT100,NVY,5XL,49.0,KT,STL
KT,STL-L,LT100,NVY,L,10.0,KT,STL
KT,STL-L,LT100,NVY,S,164.0,KT,STL
KT,STL-L,LT100,NVY,XL,1.0,KT,STL
KT,STL-L,LT100,PEWT,2XL,108.0,KT,STL
KT,STL-L,LT100,PEWT,3XL,138.0,KT,STL
KT,STL-L,LT100,PEWT,4XL,41.0,KT,STL
KT,STL-L,LT100,PEWT,5XL,45.0,KT,STL
KT,STL-L,LT100,PEWT,L,60.0,KT,STL
KT,STL-L,LT100,PEWT,M,4.0,KT,STL
KT,STL-L,LT100,PEWT,S,76.0,KT,STL
KT,STL-L,LT100,PEWT,XL,35.0,KT,STL
KT,STL-L,LT100,PEWT,XS,18.0,KT,STL
KT,STL-L,LT100,RED,4XL,1.0,KT,STL
KT,STL-L,LT100,RED,5XL,1.0,KT,STL
KT,STL-L,LT100,ROYL,2XL,52.0,KT,STL
KT,STL-L,LT100,ROYL,3XL,65.0,KT,STL
KT,STL-L,LT100,ROYL,5XL,21.0,KT,STL
KT,STL-L,LT100,ROYL,S,289.0,KT,STL
KT,STL-L,LT100,ROYL,XS,310.0,KT,STL
KT,STL-L,LT100,WHT,3XL,37.0,KT,STL
KT,STL-L,LT100,WHT,4XL,26.0,KT,STL
KT,STL-L,LT100,WHT,5XL,3.0,KT,STL
KT,STL-L,LT100,WHT,M,119.0,KT,STL
KT,STL-L,LT100,WHT,XL,11.0,KT,STL
KT,STL-L,LT100,WHT,XS,49.0,KT,STL
KT,STL-L,LT100,WHT,XXS,22.0,KT,STL
KT,STL-L,LT100,WINE,2XL,11.0,KT,STL
KT,STL-L,LT100,WINE,3XL,8.0,KT,STL
KT,STL-L,LT100,WINE,5XL,7.0,KT,STL
KT,STL-L,LT101,BLK,2XL,152.0,KT,STL
KT,STL-L,LT101,BLK,M,101.0,KT,STL
KT,STL-L,LT101,BLK,S,69.0,KT,STL
KT,STL-L,LT101,BLK,XL,43.0,KT,STL
KT,STL-L,LT101,BLK,XS,58.0,KT,STL
KT,STL-L,LT101,BLK,XXS,27.0,KT,STL
KT,STL-L,LT101,CARB,3XL,1.0,KT,STL
KT,STL-L,LT101,CARB,4XL,11.0,KT,STL
KT,STL-L,LT101,CARB,5XL,2.0,KT,STL
KT,STL-L,LT101,CARB,L,24.0,KT,STL
KT,STL-L,LT101,CARB,M,21.0,KT,STL
KT,STL-L,LT101,CEIL,2XL,42.0,KT,STL
KT,STL-L,LT101,CEIL,3XL,21.0,KT,STL
KT,STL-L,LT101,CEIL,4XL,7.0,KT,STL
KT,STL-L,LT101,CEIL,5XL,7.0,KT,STL
KT,STL-L,LT101,CEIL,XL,54.0,KT,STL
KT,STL-L,LT101,CEIL,XXS,2.0,KT,STL
KT,STL-L,LT101,CIT,2XL,1.0,KT,STL
KT,STL-L,LT101,CIT,M,71.0,KT,STL
KT,STL-L,LT101,CIT,S,65.0,KT,STL
KT,STL-L,LT101,CIT,XS,83.0,KT,STL
KT,STL-L,LT101,GALX,3XL,16.0,KT,STL
KT,STL-L,LT101,GALX,4XL,66.0,KT,STL
KT,STL-L,LT101,GALX,5XL,1.0,KT,STL
KT,STL-L,LT101,GALX,L,45.0,KT,STL
KT,STL-L,LT101,GALX,M,1.0,KT,STL
KT,STL-L,LT101,GALX,S,48.0,KT,STL
KT,STL-L,LT101,GALX,XL,4.0,KT,STL
KT,STL-L,LT101,GALX,XS,34.0,KT,STL
KT,STL-L,LT101,GALX,XXS,61.0,KT,STL
KT,STL-L,LT101,NVY,2XL,141.0,KT,STL
KT,STL-L,LT101,NVY,3XL,118.0,KT,STL
KT,STL-L,LT101,NVY,4XL,22.0,KT,STL
KT,STL-L,LT101,NVY,5XL,71.0,KT,STL
KT,STL-L,LT101,NVY,L,261.0,KT,STL
KT,STL-L,LT101,NVY,M,116.0,KT,STL
KT,STL-L,LT101,NVY,S,158.0,KT,STL
KT,STL-L,LT101,NVY,XL,241.0,KT,STL
KT,STL-L,LT101,NVY,XS,172.0,KT,STL
KT,STL-L,LT101,NVY,XXS,12.0,KT,STL
KT,STL-L,LT101,PEWT,2XL,73.0,KT,STL
KT,STL-L,LT101,PEWT,3XL,85.0,KT,STL
KT,STL-L,LT101,PEWT,4XL,14.0,KT,STL
KT,STL-L,LT101,PEWT,5XL,80.0,KT,STL
KT,STL-L,LT101,PEWT,L,130.0,KT,STL
KT,STL-L,LT101,PEWT,M,185.0,KT,STL
KT,STL-L,LT101,PEWT,S,145.0,KT,STL
KT,STL-L,LT101,PEWT,XL,220.0,KT,STL
KT,STL-L,LT101,PEWT,XS,142.0,KT,STL
KT,STL-L,LT101,PEWT,XXS,5.0,KT,STL
KT,STL-L,LT101,RED,3XL,17.0,KT,STL
KT,STL-L,LT101,RED,4XL,1.0,KT,STL
KT,STL-L,LT101,RED,5XL,1.0,KT,STL
KT,STL-L,LT101,RED,M,39.0,KT,STL
KT,STL-L,LT101,RED,XS,1.0,KT,STL
KT,STL-L,LT101,ROYL,2XL,51.0,KT,STL
KT,STL-L,LT101,ROYL,3XL,149.0,KT,STL
KT,STL-L,LT101,ROYL,5XL,43.0,KT,STL
KT,STL-L,LT101,ROYL,L,47.0,KT,STL
KT,STL-L,LT101,ROYL,M,121.0,KT,STL
KT,STL-L,LT101,ROYL,XL,49.0,KT,STL
KT,STL-L,LT101,ROYL,XXS,40.0,KT,STL
KT,STL-L,LT101,WHT,4XL,3.0,KT,STL
KT,STL-L,LT101,WHT,5XL,41.0,KT,STL
KT,STL-L,LT101,WHT,L,8.0,KT,STL
KT,STL-L,LT101,WHT,M,3.0,KT,STL
KT,STL-L,LT101,WHT,S,21.0,KT,STL
KT,STL-L,LT101,WHT,XS,41.0,KT,STL
KT,STL-L,LT101,WHT,XXS,5.0,KT,STL
KT,STL-L,LT101,WINE,2XL,226.0,KT,STL
KT,STL-L,LT101,WINE,3XL,73.0,KT,STL
KT,STL-L,LT101,WINE,4XL,1.0,KT,STL
KT,STL-L,LT101,WINE,L,114.0,KT,STL
KT,STL-L,LT101,WINE,XL,14.0,KT,STL
KT,STL-L,LT101,WINE,XS,69.0,KT,STL
KT,STL-L,LT103,BLK,2XL,95.0,KT,STL
KT,STL-L,LT103,BLK,L,41.0,KT,STL
KT,STL-L,LT103,BLK,M,56.0,KT,STL
KT,STL-L,LT103,BLK,S,49.0,KT,STL
KT,STL-L,LT103,BLK,XL,157.0,KT,STL
KT,STL-L,LT103,BLK,XS,14.0,KT,STL
KT,STL-L,LT103,CARB,2XL,1.0,KT,STL
KT,STL-L,LT103,CARB,XS,18.0,KT,STL
KT,STL-L,LT103,CEIL,2XL,45.0,KT,STL
KT,STL-L,LT103,CEIL,L,30.0,KT,STL
KT,STL-L,LT103,CEIL,M,56.0,KT,STL
KT,STL-L,LT103,CEIL,S,38.0,KT,STL
KT,STL-L,LT103,CEIL,XL,46.0,KT,STL
KT,STL-L,LT103,CEIL,XS,10.0,KT,STL
KT,STL-L,LT103,CIT,S,19.0,KT,STL
KT,STL-L,LT103,CIT,XL,10.0,KT,STL
KT,STL-L,LT103,CIT,XS,5.0,KT,STL
KT,STL-L,LT103,GALX,2XL,6.0,KT,STL
KT,STL-L,LT103,GALX,L,9.0,KT,STL
KT,STL-L,LT103,GALX,M,12.0,KT,STL
KT,STL-L,LT103,GALX,S,5.0,KT,STL
KT,STL-L,LT103,GALX,XL,18.0,KT,STL
KT,STL-L,LT103,GALX,XS,11.0,KT,STL
KT,STL-L,LT103,NVY,2XL,60.0,KT,STL
KT,STL-L,LT103,NVY,L,77.0,KT,STL
KT,STL-L,LT103,NVY,M,40.0,KT,STL
KT,STL-L,LT103,NVY,S,131.0,KT,STL
KT,STL-L,LT103,NVY,XL,164.0,KT,STL
KT,STL-L,LT103,NVY,XS,228.0,KT,STL
KT,STL-L,LT103,PEWT,2XL,15.0,KT,STL
KT,STL-L,LT103,PEWT,L,84.0,KT,STL
KT,STL-L,LT103,PEWT,M,86.0,KT,STL
KT,STL-L,LT103,PEWT,S,56.0,KT,STL
KT,STL-L,LT103,PEWT,XL,3.0,KT,STL
KT,STL-L,LT103,PEWT,XS,23.0,KT,STL
KT,STL-L,LT103,RED,2XL,1.0,KT,STL
KT,STL-L,LT103,RED,L,24.0,KT,STL
KT,STL-L,LT103,RED,XS,11.0,KT,STL
KT,STL-L,LT103,ROYL,2XL,46.0,KT,STL
KT,STL-L,LT103,ROYL,L,144.0,KT,STL
KT,STL-L,LT103,ROYL,M,50.0,KT,STL
KT,STL-L,LT103,ROYL,S,29.0,KT,STL
KT,STL-L,LT103,ROYL,XL,91.0,KT,STL
KT,STL-L,LT103,WHT,2XL,7.0,KT,STL
KT,STL-L,LT103,WHT,L,68.0,KT,STL
KT,STL-L,LT103,WHT,M,19.0,KT,STL
KT,STL-L,LT103,WHT,S,19.0,KT,STL
KT,STL-L,LT103,WHT,XL,64.0,KT,STL
KT,STL-L,LT103,WHT,XS,101.0,KT,STL
KT,STL-L,LT103,WINE,2XL,53.0,KT,STL
KT,STL-L,LT103,WINE,L,186.0,KT,STL
KT,STL-L,LT103,WINE,M,131.0,KT,STL
KT,STL-L,LT103,WINE,S,12.0,KT,STL
KT,STL-L,LT103,WINE,XL,146.0,KT,STL
KT,STL-L,LT103,WINE,XS,90.0,KT,STL
KT,STL-L,LT110,BLK,2XL,34.0,KT,STL
KT,STL-L,LT110,BLK,3XL,9.0,KT,STL
KT,STL-L,LT110,BLK,L,235.0,KT,STL
KT,STL-L,LT110,BLK,M,246.0,KT,STL
KT,STL-L,LT110,BLK,S,4.0,KT,STL
KT,STL-L,LT110,BLK,XL,40.0,KT,STL
KT,STL-L,LT110,BLK,XS,62.0,KT,STL
KT,STL-L,LT110,CARB,4XL,1.0,KT,STL
KT,STL-L,LT110,CARB,5XL,2.0,KT,STL
KT,STL-L,LT110,CARB,XS,1.0,KT,STL
KT,STL-L,LT110,CEIL,3XL,1.0,KT,STL
KT,STL-L,LT110,CEIL,4XL,13.0,KT,STL
KT,STL-L,LT110,CEIL,5XL,2.0,KT,STL
KT,STL-L,LT110,CEIL,S,2.0,KT,STL
KT,STL-L,LT110,CEIL,XL,1.0,KT,STL
KT,STL-L,LT110,GALX,2XL,5.0,KT,STL
KT,STL-L,LT110,GALX,3XL,2.0,KT,STL
KT,STL-L,LT110,GALX,4XL,20.0,KT,STL
KT,STL-L,LT110,GALX,L,84.0,KT,STL
KT,STL-L,LT110,GALX,M,13.0,KT,STL
KT,STL-L,LT110,GALX,S,2.0,KT,STL
KT,STL-L,LT110,GALX,XL,12.0,KT,STL
KT,STL-L,LT110,GALX,XS,1.0,KT,STL
KT,STL-L,LT110,NVY,2XL,23.0,KT,STL
KT,STL-L,LT110,NVY,3XL,17.0,KT,STL
KT,STL-L,LT110,NVY,4XL,34.0,KT,STL
KT,STL-L,LT110,NVY,5XL,28.0,KT,STL
KT,STL-L,LT110,NVY,L,51.0,KT,STL
KT,STL-L,LT110,NVY,M,14.0,KT,STL
KT,STL-L,LT110,NVY,S,48.0,KT,STL
KT,STL-L,LT110,NVY,XL,80.0,KT,STL
KT,STL-L,LT110,NVY,XS,6.0,KT,STL
KT,STL-L,LT110,PEWT,4XL,4.0,KT,STL
KT,STL-L,LT110,PEWT,5XL,12.0,KT,STL
KT,STL-L,LT110,PEWT,M,40.0,KT,STL
KT,STL-L,LT110,ROYL,3XL,4.0,KT,STL
KT,STL-L,LT110,ROYL,4XL,2.0,KT,STL
KT,STL-L,LT110,ROYL,5XL,2.0,KT,STL
KT,STL-L,LT110,ROYL,L,16.0,KT,STL
KT,STL-L,LT110,ROYL,M,32.0,KT,STL
KT,STL-L,LT110,WHT,2XL,2.0,KT,STL
KT,STL-L,LT110,WHT,3XL,1.0,KT,STL
KT,STL-L,LT110,WHT,4XL,14.0,KT,STL
KT,STL-L,LT110,WHT,5XL,3.0,KT,STL
KT,STL-L,LT110,WHT,L,6.0,KT,STL
KT,STL-L,LT110,WHT,M,1.0,KT,STL
KT,STL-L,LT110,WHT,XL,5.0,KT,STL
KT,STL-L,LT110,WHT,XS,8.0,KT,STL
KT,STL-L,LT110,WINE,3XL,5.0,KT,STL
KT,STL-L,LT110,WINE,4XL,1.0,KT,STL
KT,STL-L,LT110,WINE,5XL,2.0,KT,STL
KT,STL-L,LT110,WINE,L,2.0,KT,STL
KT,STL-L,LT110,WINE,XS,18.0,KT,STL
KT,STL-L,LT111,BLK,3XL,14.0,KT,STL
KT,STL-L,LT111,BLK,4XL,2.0,KT,STL
KT,STL-L,LT111,BLK,5XL,1.0,KT,STL
KT,STL-L,LT111,BLK,L,78.0,KT,STL
KT,STL-L,LT111,BLK,M,128.0,KT,STL
KT,STL-L,LT111,BLK,S,28.0,KT,STL
KT,STL-L,LT111,BLK,XL,55.0,KT,STL
KT,STL-L,LT111,BLK,XS,10.0,KT,STL
KT,STL-L,LT111,CARB,3XL,1.0,KT,STL
KT,STL-L,LT111,CARB,4XL,1.0,KT,STL
KT,STL-L,LT111,CARB,5XL,1.0,KT,STL
KT,STL-L,LT111,CARB,M,26.0,KT,STL
KT,STL-L,LT111,CARB,XS,1.0,KT,STL
KT,STL-L,LT111,CEIL,2XL,9.0,KT,STL
KT,STL-L,LT111,CEIL,3XL,27.0,KT,STL
KT,STL-L,LT111,CEIL,4XL,2.0,KT,STL
KT,STL-L,LT111,CEIL,5XL,4.0,KT,STL
KT,STL-L,LT111,CEIL,L,10.0,KT,STL
KT,STL-L,LT111,CEIL,M,15.0,KT,STL
KT,STL-L,LT111,CEIL,S,6.0,KT,STL
KT,STL-L,LT111,CEIL,XL,1.0,KT,STL
KT,STL-L,LT111,CEIL,XS,10.0,KT,STL
KT,STL-L,LT111,GALX,2XL,3.0,KT,STL
KT,STL-L,LT111,GALX,3XL,22.0,KT,STL
KT,STL-L,LT111,GALX,4XL,12.0,KT,STL
KT,STL-L,LT111,GALX,5XL,23.0,KT,STL
KT,STL-L,LT111,GALX,L,22.0,KT,STL
KT,STL-L,LT111,GALX,XL,37.0,KT,STL
KT,STL-L,LT111,NVY,2XL,73.0,KT,STL
KT,STL-L,LT111,NVY,3XL,3.0,KT,STL
KT,STL-L,LT111,NVY,4XL,40.0,KT,STL
KT,STL-L,LT111,NVY,5XL,15.0,KT,STL
KT,STL-L,LT111,NVY,L,2.0,KT,STL
KT,STL-L,LT111,NVY,M,103.0,KT,STL
KT,STL-L,LT111,NVY,S,34.0,KT,STL
KT,STL-L,LT111,NVY,XL,40.0,KT,STL
KT,STL-L,LT111,NVY,XS,39.0,KT,STL
KT,STL-L,LT111,PEWT,2XL,31.0,KT,STL
KT,STL-L,LT111,PEWT,3XL,3.0,KT,STL
KT,STL-L,LT111,PEWT,4XL,9.0,KT,STL
KT,STL-L,LT111,PEWT,5XL,53.0,KT,STL
KT,STL-L,LT111,PEWT,M,66.0,KT,STL
KT,STL-L,LT111,PEWT,XL,36.0,KT,STL
KT,STL-L,LT111,PEWT,XS,19.0,KT,STL
KT,STL-L,LT111,ROYL,2XL,46.0,KT,STL
KT,STL-L,LT111,ROYL,3XL,3.0,KT,STL
KT,STL-L,LT111,ROYL,4XL,1.0,KT,STL
KT,STL-L,LT111,ROYL,5XL,2.0,KT,STL
KT,STL-L,LT111,ROYL,L,5.0,KT,STL
KT,STL-L,LT111,ROYL,M,1.0,KT,STL
KT,STL-L,LT111,ROYL,S,4.0,KT,STL
KT,STL-L,LT111,ROYL,XL,44.0,KT,STL
KT,STL-L,LT111,WHT,3XL,12.0,KT,STL
KT,STL-L,LT111,WHT,4XL,2.0,KT,STL
KT,STL-L,LT111,WHT,5XL,2.0,KT,STL
KT,STL-L,LT111,WHT,L,7.0,KT,STL
KT,STL-L,LT111,WHT,M,1.0,KT,STL
KT,STL-L,LT111,WHT,XL,10.0,KT,STL
KT,STL-L,LT111,WHT,XS,1.0,KT,STL
KT,STL-L,LT111,WINE,4XL,2.0,KT,STL
KT,STL-L,LT111,WINE,5XL,2.0,KT,STL
KT,STL-L,LT111,WINE,L,9.0,KT,STL
KT,STL-L,LT111,WINE,M,145.0,KT,STL
KT,STL-L,LT112,HTBLK,L,1.0,KT,STL
KT,STL-L,LT112,HTLGY,2XL,1.0,KT,STL
KT,STL-L,LT112,HTLGY,L,1.0,KT,STL
KT,STL-L,LT112,HTLGY,S,3.0,KT,STL
KT,STL-L,LT112,HTMTN,2XL,1.0,KT,STL
KT,STL-L,LT112,HTMTN,L,21.0,KT,STL
KT,STL-L,LT112,HTMTN,M,2.0,KT,STL
KT,STL-L,LT112,HTMTN,S,1.0,KT,STL
KT,STL-L,LT112,HTMTN,XL,1.0,KT,STL
KT,STL-L,LT112,HTNVY,2XL,4.0,KT,STL
KT,STL-L,LT112,HTNVY,L,1.0,KT,STL
KT,STL-L,LT112,WHT,2XL,1.0,KT,STL
KT,STL-L,LT112,WHT,L,12.0,KT,STL
KT,STL-L,LT112,WHT,M,1.0,KT,STL
KT,STL-L,LT112,WHT,S,1.0,KT,STL
KT,STL-L,LT114,BLK,L,67.0,KT,STL
KT,STL-L,LT114,BLK,M,55.0,KT,STL
KT,STL-L,LT114,BLK,S,62.0,KT,STL
KT,STL-L,LT114,BLK,XL,33.0,KT,STL
KT,STL-L,LT114,BLK,XS,92.0,KT,STL
KT,STL-L,LT114,NVY,3XL,90.0,KT,STL
KT,STL-L,LT114,NVY,L,5.0,KT,STL
KT,STL-L,LT114,NVY,M,307.0,KT,STL
KT,STL-L,LT114,NVY,XL,1.0,KT,STL
KT,STL-L,LT114,NVY,XS,8.0,KT,STL
KT,STL-L,LT114,PEWT,3XL,32.0,KT,STL
KT,STL-L,LT114,PEWT,M,15.0,KT,STL
KT,STL-L,LT114,PEWT,S,81.0,KT,STL
KT,STL-L,LT114,PEWT,XL,35.0,KT,STL
KT,STL-L,LT114,PEWT,XS,40.0,KT,STL
KT,STL-L,LT114,RED,M,109.0,KT,STL
KT,STL-L,LT114,RED,XS,21.0,KT,STL
KT,STL-L,LT114,ROYL,L,5.0,KT,STL
KT,STL-L,LT114,ROYL,S,17.0,KT,STL
KT,STL-L,PWB407,BLA,XLG,5.0,KT,STL
KT,STL-L,PWB407,BLA,XXL,6.0,KT,STL
KT,STL-L,PWB407,NAV,LGE,5.0,KT,STL
KT,STL-L,PWB407,NAV,SML,92.0,KT,STL
KT,STL-L,PWB407,NAV,XLG,11.0,KT,STL
KT,STL-L,PWB407,ROY,MED,39.0,KT,STL
KT,STL-L,PWB407,WINE,SML,20.0,KT,STL
KT,STL-L,PWB407,WINE,XLG,17.0,KT,STL
KT,STL-L,PWB407,WINE,XXL,51.0,KT,STL
KT,STL-L,PWB407P,WINE,PMD,26.0,KT,STL
KT,STL-L,PWB407P,WINE,PSM,86.0,KT,STL
KT,STL-L,PWB407P,WTLA,PMD,2.0,KT,STL
KT,STL-L,PWB409,DPWT,MED,8.0,KT,STL
KT,STL-L,PWB409,DPWT,SML,9.0,KT,STL
KT,STL-L,PWB409,NAV,SML,6.0,KT,STL
KT,STL-L,PWB409,NAV,XSM,47.0,KT,STL
KT,STL-L,PWB409,ROY,LGE,65.0,KT,STL
KT,STL-L,PWB409,ROY,MED,4.0,KT,STL
KT,STL-L,PWB409,ROY,XSM,24.0,KT,STL
KT,STL-L,PWB409,WINE,LGE,13.0,KT,STL
KT,STL-L,PWB409,WINE,MED,14.0,KT,STL
KT,STL-L,PWJ709,DPWT,MED,13.0,KT,STL
KT,STL-L,PWJ709,NAV,XSM,6.0,KT,STL
KT,STL-L,PWT111,DPWT,MED,98.0,KT,STL
KT,STL-L,PWT111,ROY,SML,7.0,KT,STL
KT,STL-L,PWT111,WINE,XXL,59.0,KT,STL
KT,STL-L,PWT113,DPWT,LGE,51.0,KT,STL
KT,STL-L,PWT113,DPWT,SML,4.0,KT,STL
KT,STL-L,PWT113,NAV,LGE,79.0,KT,STL
KT,STL-L,PWT113,NAV,XLG,60.0,KT,STL
KT,STL-L,PWT113,ROY,MED,85.0,KT,STL
KT,STL-L,PWT113,WINE,SML,63.0,KT,STL
KT,STL-L,WB414,BLK,1XL,33.0,KT,STL
KT,STL-L,WB414,BLK,2XL,11.0,KT,STL
KT,STL-L,WB414,BLK,L,81.0,KT,STL
KT,STL-L,WB414,BLK,S,56.0,KT,STL
KT,STL-L,WB414,BLK,XL,2.0,KT,STL
KT,STL-L,WB414,CLST,S,17.0,KT,STL
KT,STL-L,WB414,CLST,XL,15.0,KT,STL
KT,STL-L,WB414,NVY,1XL,15.0,KT,STL
KT,STL-L,WB414,NVY,2XL,2.0,KT,STL
KT,STL-L,WB414,NVY,3XL,14.0,KT,STL
KT,STL-L,WB414,NVY,L,27.0,KT,STL
KT,STL-L,WB414,NVY,XL,34.0,KT,STL
KT,STL-L,WB414,NVY,XS,91.0,KT,STL
KT,STL-L,WB414,PEWT,1XL,46.0,KT,STL
KT,STL-L,WB414,PEWT,M,20.0,KT,STL
KT,STL-L,WB414,PEWT,XL,2.0,KT,STL
KT,STL-L,WB414,ROYL,1XL,4.0,KT,STL
KT,STL-L,WB414,ROYL,S,4.0,KT,STL
KT,STL-L,WB414,ROYL,XL,24.0,KT,STL
KT,STL-L,WB414P,BLK,P1X,1.0,KT,STL
KT,STL-L,WB414P,BLK,P2X,55.0,KT,STL
KT,STL-L,WB414P,BLK,PS,11.0,KT,STL
KT,STL-L,WB414P,BLK,PXL,5.0,KT,STL
KT,STL-L,WB414P,NVY,P2X,51.0,KT,STL
KT,STL-L,WB414P,NVY,PL,8.0,KT,STL
KT,STL-L,WB414P,NVY,PXL,25.0,KT,STL
KT,STL-L,WB414P,PEWT,P1X,29.0,KT,STL
KT,STL-L,WB414P,PEWT,P2X,20.0,KT,STL
KT,STL-L,WB414P,PEWT,PXL,2.0,KT,STL
KT,STL-L,WB414P,ROYL,PXS,12.0,KT,STL
KT,STL-L,WB414T,BLK,TL,103.0,KT,STL
KT,STL-L,WB414T,BLK,TM,65.0,KT,STL
KT,STL-L,WB414T,BLK,TS,49.0,KT,STL
KT,STL-L,WB414T,BLK,TXL,36.0,KT,STL
KT,STL-L,WB414T,CLST,TM,8.0,KT,STL
KT,STL-L,WB414T,NVY,TL,117.0,KT,STL
KT,STL-L,WB414T,NVY,TM,100.0,KT,STL
KT,STL-L,WB414T,NVY,TS,8.0,KT,STL
KT,STL-L,WB414T,NVY,TXL,70.0,KT,STL
KT,STL-L,WB414T,NVY,TXS,1.0,KT,STL
KT,STL-L,WB414T,PEWT,TL,10.0,KT,STL
KT,STL-L,WB414T,PEWT,TS,2.0,KT,STL
KT,STL-L,WB414T,PEWT,TXL,9.0,KT,STL
KT,STL-L,WB414T,PEWT,TXS,10.0,KT,STL
KT,STL-L,WB414T,ROYL,TL,62.0,KT,STL
KT,STL-L,WB414T,ROYL,TM,39.0,KT,STL
KT,STL-L,WB414T,ROYL,TXL,30.0,KT,STL
KT,STL-L,WB414T,ROYL,TXS,10.0,KT,STL
KT,STL-L,WB415,BLK,1XL,22.0,KT,STL
KT,STL-L,WB415,BLK,L,29.0,KT,STL
KT,STL-L,WB415,BLK,M,31.0,KT,STL
KT,STL-L,WB415,BLK,S,37.0,KT,STL
KT,STL-L,WB415,BLK,XL,8.0,KT,STL
KT,STL-L,WB415,BLK,XS,66.0,KT,STL
KT,STL-L,WB415,CLST,M,23.0,KT,STL
KT,STL-L,WB415,CLST,XXS,18.0,KT,STL
KT,STL-L,WB415,NVY,L,37.0,KT,STL
KT,STL-L,WB415,NVY,M,57.0,KT,STL
KT,STL-L,WB415,NVY,S,24.0,KT,STL
KT,STL-L,WB415,NVY,XL,12.0,KT,STL
KT,STL-L,WB415,NVY,XS,19.0,KT,STL
KT,STL-L,WB415,PEWT,2XL,27.0,KT,STL
KT,STL-L,WB415,PEWT,3XL,29.0,KT,STL
KT,STL-L,WB415,PEWT,M,42.0,KT,STL
KT,STL-L,WB415,PEWT,XL,21.0,KT,STL
KT,STL-L,WB415,ROYL,1XL,30.0,KT,STL
KT,STL-L,WB415,ROYL,L,36.0,KT,STL
KT,STL-L,WB415,ROYL,M,15.0,KT,STL
KT,STL-L,WB415,ROYL,S,54.0,KT,STL
KT,STL-L,WB415,ROYL,XL,26.0,KT,STL
KT,STL-L,WB415,ROYL,XS,39.0,KT,STL
KT,STL-L,WB415,SPBK,M,272.0,KT,STL
KT,STL-L,WB415,SPBK,S,259.0,KT,STL
KT,STL-L,WB415,SPBK,XS,94.0,KT,STL
KT,STL-L,WB415P,BLK,P2X,8.0,KT,STL
KT,STL-L,WB415P,BLK,PL,240.0,KT,STL
KT,STL-L,WB415P,BLK,PM,224.0,KT,STL
KT,STL-L,WB415P,BLK,PS,68.0,KT,STL
KT,STL-L,WB415P,BLK,PXL,98.0,KT,STL
KT,STL-L,WB415P,BLK,PXS,81.0,KT,STL
KT,STL-L,WB415P,CLST,PXXS,1.0,KT,STL
KT,STL-L,WB415P,NVY,P1X,29.0,KT,STL
KT,STL-L,WB415P,NVY,P2X,7.0,KT,STL
KT,STL-L,WB415P,NVY,PL,122.0,KT,STL
KT,STL-L,WB415P,NVY,PM,184.0,KT,STL
KT,STL-L,WB415P,NVY,PS,219.0,KT,STL
KT,STL-L,WB415P,NVY,PXL,28.0,KT,STL
KT,STL-L,WB415P,NVY,PXS,107.0,KT,STL
KT,STL-L,WB415P,PEWT,P1X,17.0,KT,STL
KT,STL-L,WB415P,PEWT,P2X,13.0,KT,STL
KT,STL-L,WB415P,PEWT,PL,62.0,KT,STL
KT,STL-L,WB415P,PEWT,PM,126.0,KT,STL
KT,STL-L,WB415P,PEWT,PS,68.0,KT,STL
KT,STL-L,WB415P,PEWT,PXL,32.0,KT,STL
KT,STL-L,WB415P,PEWT,PXS,36.0,KT,STL
KT,STL-L,WB415P,ROYL,P1X,9.0,KT,STL
KT,STL-L,WB415P,ROYL,PL,23.0,KT,STL
KT,STL-L,WB415P,ROYL,PS,10.0,KT,STL
KT,STL-L,WB415T,BLK,TL,31.0,KT,STL
KT,STL-L,WB415T,CLST,TXL,4.0,KT,STL
KT,STL-L,WB415T,NVY,TS,34.0,KT,STL
KT,STL-L,WB415T,PEWT,TS,35.0,KT,STL
KT,STL-L,WB415T,ROYL,TL,18.0,KT,STL
KT,STL-L,WJ704,BLK,L,74.0,KT,STL
KT,STL-L,WJ704,BLK,M,31.0,KT,STL
KT,STL-L,WJ704,BLK,S,59.0,KT,STL
KT,STL-L,WJ704,BLK,XL,1.0,KT,STL
KT,STL-L,WJ704,BLK,XXS,18.0,KT,STL
KT,STL-L,WJ704,NVY,L,22.0,KT,STL
KT,STL-L,WJ704,NVY,M,4.0,KT,STL
KT,STL-L,WJ704,NVY,S,17.0,KT,STL
KT,STL-L,WJ704,PEWT,M,1.0,KT,STL
KT,STL-L,WJ704,PEWT,S,2.0,KT,STL
KT,STL-L,WJ704,PEWT,XL,1.0,KT,STL
KT,STL-L,WT127,BLK,2XL,27.0,KT,STL
KT,STL-L,WT127,BLK,L,118.0,KT,STL
KT,STL-L,WT127,BLK,S,18.0,KT,STL
KT,STL-L,WT127,BLK,XL,24.0,KT,STL
KT,STL-L,WT127,BLK,XS,36.0,KT,STL
KT,STL-L,WT127,CLST,3XL,10.0,KT,STL
KT,STL-L,WT127,CLST,M,39.0,KT,STL
KT,STL-L,WT127,CLST,S,98.0,KT,STL
KT,STL-L,WT127,CLST,XL,46.0,KT,STL
KT,STL-L,WT127,NVY,1XL,94.0,KT,STL
KT,STL-L,WT127,NVY,2XL,42.0,KT,STL
KT,STL-L,WT127,NVY,3XL,62.0,KT,STL
KT,STL-L,WT127,NVY,M,58.0,KT,STL
KT,STL-L,WT127,NVY,S,145.0,KT,STL
KT,STL-L,WT127,NVY,XS,5.0,KT,STL
KT,STL-L,WT127,PEWT,2XL,16.0,KT,STL
KT,STL-L,WT127,ROYL,2XL,34.0,KT,STL
KT,STL-L,WT127,ROYL,L,89.0,KT,STL
KT,STL-L,WT127,ROYL,XL,38.0,KT,STL
KT,STL-L,WT127,ROYL,XXS,28.0,KT,STL
KT,STL-L,WT128,BLK,2XL,16.0,KT,STL
KT,STL-L,WT128,BLK,M,28.0,KT,STL
KT,STL-L,WT128,BLK,XL,67.0,KT,STL
KT,STL-L,WT128,BLK,XS,62.0,KT,STL
KT,STL-L,WT128,CLST,L,89.0,KT,STL
KT,STL-L,WT128,CLST,M,36.0,KT,STL
KT,STL-L,WT128,NVY,1XL,41.0,KT,STL
KT,STL-L,WT128,NVY,2XL,66.0,KT,STL
KT,STL-L,WT128,NVY,M,31.0,KT,STL
KT,STL-L,WT128,NVY,XL,208.0,KT,STL
KT,STL-L,WT128,NVY,XXS,6.0,KT,STL
KT,STL-L,WT128,PEWT,1XL,58.0,KT,STL
KT,STL-L,WT128,PEWT,2XL,91.0,KT,STL
KT,STL-L,WT128,PEWT,L,33.0,KT,STL
KT,STL-L,WT128,PEWT,M,27.0,KT,STL
KT,STL-L,WT128,PEWT,S,5.0,KT,STL
KT,STL-L,WT128,PEWT,XS,9.0,KT,STL
KT,STL-L,WT128,PNGR,L,166.0,KT,STL
KT,STL-L,WT128,ROYL,2XL,3.0,KT,STL
KT,STL-L,WT128,ROYL,L,184.0,KT,STL
KT,STL-L,WT128,ROYL,M,110.0,KT,STL
KT,STL-L,WT128,ROYL,XL,87.0,KT,STL
KT,STL-L,WT130,BLK,2XL,49.0,KT,STL
KT,STL-L,WT130,BLK,L,25.0,KT,STL
KT,STL-L,WT130,BLK,M,155.0,KT,STL
KT,STL-L,WT130,BLK,XL,23.0,KT,STL
KT,STL-L,WT130,CLST,L,6.0,KT,STL
KT,STL-L,WT130,NVY,2XL,47.0,KT,STL
KT,STL-L,WT130,NVY,L,35.0,KT,STL
KT,STL-L,WT130,NVY,M,41.0,KT,STL
KT,STL-L,WT130,NVY,S,28.0,KT,STL
KT,STL-L,WT130,NVY,XL,85.0,KT,STL
KT,STL-L,WT130,PEWT,2XL,37.0,KT,STL
KT,STL-L,WT130,ROYL,XS,38.0,KT,STL
KT,STL-L,WT130,SGPL,L,116.0,KT,STL
KT,STL-L,WT133,BLK,L,6.0,KT,STL
KT,STL-L,WT133,BLK,M,47.0,KT,STL
KT,STL-L,WT133,BLK,S,15.0,KT,STL
KT,STL-L,WT133,NVY,L,29.0,KT,STL
KT,STL-L,WT133,NVY,M,10.0,KT,STL
KT,OB,2030PRV,STPR,LGE,54.0,KT,STL-L
KT,OB,2042,BEPR,TSM,17.0,KT,STL-L
KT,OB,2042,STPR,PMD,38.0,KT,STL-L
KT,OB,2043,BEPR,P2X,27.0,KT,STL-L
KT,OB,2100PRV,BTPR,TXL,7.0,KT,STL-L
KT,OB,2100PRV,RWPR,SMD,23.0,KT,STL-L
KT,OB,2103,GRPR,LGE,41.0,KT,STL-L
KT,OB,2103,SAPR,5XL,14.0,KT,STL-L
KT,OB,2103,SAPR,SMD,22.0,KT,STL-L
KT,OB,2103,TNPR,LGE,134.0,KT,STL-L
KT,OB,2104,BKPR,3XL,24.0,KT,STL-L
KT,OB,24044,BCP,1SZ,28.0,KT,STL-L
KT,OB,3038,WWPR,SML,41.0,KT,STL-L
KT,OB,3148,WWY,42,71.0,KT,STL-L
KT,OB,3224,WWY,44L,64.0,KT,STL-L
KT,OB,4160,CBPR,SML,5.0,KT,STL-L
KT,OB,4160,RPPR,MED,47.0,KT,STL-L
KT,OB,4161,BTPR,LGE,45.0,KT,STL-L
KT,OB,4161,GRPR,LGE,43.0,KT,STL-L
KT,OB,4259,GRPR,XLG,51.0,KT,STL-L
KT,OB,70221,GREY,XSM,140.0,KT,STL-L
KT,OB,70221,ROYAL,XLG,62.0,KT,STL-L
KT,OB,71221,NAVY,XLG,24.0,KT,STL-L
KT,OB,71229,CARIB,XSM,1.0,KT,STL-L
KT,OB,71229,CEIL,4XL,1.0,KT,STL-L
KT,OB,71229,CEIL,LGE,11.0,KT,STL-L
KT,OB,71229,CEIL,XLG,1.0,KT,STL-L
KT,OB,71229,GREY,3XL,11.0,KT,STL-L
KT,OB,71229,GREY,4XL,2.0,KT,STL-L
KT,OB,71229,GREY,LGE,76.0,KT,STL-L
KT,OB,71229,GREY,MED,101.0,KT,STL-L
KT,OB,71229,GREY,SML,51.0,KT,STL-L
KT,OB,71229,GREY,XSM,43.0,KT,STL-L
KT,OB,71229,GREY,XXL,57.0,KT,STL-L
KT,OB,71229,HUNTR,MED,20.0,KT,STL-L
KT,OB,71229,HUNTR,XLG,4.0,KT,STL-L
KT,OB,71229,NAVY,3XL,15.0,KT,STL-L
KT,OB,71229,NAVY,4XL,9.0,KT,STL-L
KT,OB,71229,NAVY,MED,37.0,KT,STL-L
KT,OB,71229,NAVY,XLG,4.0,KT,STL-L
KT,OB,71229,NAVY,XSM,5.0,KT,STL-L
KT,OB,71229,ROYAL,4XL,3.0,KT,STL-L
KT,OB,71229,TEAL,4XL,5.0,KT,STL-L
KT,OB,71229,TEAL,MED,42.0,KT,STL-L
KT,OB,71229,TEAL,XLG,24.0,KT,STL-L
KT,OB,71229,TEAL,XSM,10.0,KT,STL-L
KT,OB,7502,BKP,SML,42.0,KT,STL-L
KT,OB,75029,BCP,3XL,2.0,KT,STL-L
KT,OB,75029,BCP,MED,8.0,KT,STL-L
KT,OB,75029,BCP,SML,25.0,KT,STL-L
KT,OB,75029,BCP,XLG,4.0,KT,STL-L
KT,OB,75029,BCP,XSM,1.0,KT,STL-L
KT,OB,75029,BCP,XXL,12.0,KT,STL-L
KT,OB,75029,BEP,5XL,3.0,KT,STL-L
KT,OB,75029,BEP,LGE,25.0,KT,STL-L
KT,OB,75029,BEP,MED,26.0,KT,STL-L
KT,OB,75029,BEP,SML,38.0,KT,STL-L
KT,OB,75029,BEP,XLG,33.0,KT,STL-L
KT,OB,75029,BKP,3XL,20.0,KT,STL-L
KT,OB,75029,BKP,4XL,20.0,KT,STL-L
KT,OB,75029,BKP,5XL,4.0,KT,STL-L
KT,OB,75029,BKP,LGE,51.0,KT,STL-L
KT,OB,75029,BKP,MED,48.0,KT,STL-L
KT,OB,75029,BKP,XLG,25.0,KT,STL-L
KT,OB,75029,BKP,XSM,21.0,KT,STL-L
KT,OB,75029,BKP,XXL,53.0,KT,STL-L
KT,OB,75029,BNP,4XL,4.0,KT,STL-L
KT,OB,75029,BNP,LGE,75.0,KT,STL-L
KT,OB,75029,BNP,MED,84.0,KT,STL-L
KT,OB,75029,BNP,SML,51.0,KT,STL-L
KT,OB,75029,BNP,XLG,38.0,KT,STL-L
KT,OB,75029,BNP,XSM,7.0,KT,STL-L
KT,OB,75029,BNP,XXL,24.0,KT,STL-L
KT,OB,75029,STP,3XL,32.0,KT,STL-L
KT,OB,75029,STP,5XL,2.0,KT,STL-L
KT,OB,75029,STP,XXL,39.0,KT,STL-L
KT,OB,75229,CEIL,LGE,16.0,KT,STL-L
KT,OB,75229,CEIL,MED,88.0,KT,STL-L
KT,OB,75229,CEIL,SML,6.0,KT,STL-L
KT,OB,75229,CEIL,XLG,2.0,KT,STL-L
KT,OB,75229,GREY,LGE,2.0,KT,STL-L
KT,OB,75229,NAVY,3XL,2.0,KT,STL-L
KT,OB,75229,NAVY,5XL,15.0,KT,STL-L
KT,OB,75229,NAVY,LGE,20.0,KT,STL-L
KT,OB,75229,NAVY,MED,38.0,KT,STL-L
KT,OB,75229,NAVY,SML,323.0,KT,STL-L
KT,OB,75229,NAVY,XLG,65.0,KT,STL-L
KT,OB,75229,NAVY,XSM,37.0,KT,STL-L
KT,OB,75229,NAVY,XXL,30.0,KT,STL-L
KT,OB,75229,TEAL,4XL,2.0,KT,STL-L
KT,OB,75229,TEAL,MED,3.0,KT,STL-L
KT,OB,75229,TEAL,SML,8.0,KT,STL-L
KT,OB,75229,TEAL,XSM,4.0,KT,STL-L
KT,OB,75231,GREY,MED,26.0,KT,STL-L
KT,OB,75231,ROYAL,XLG,20.0,KT,STL-L
KT,OB,75239,TEAL,4XL,3.0,KT,STL-L
KT,OB,75239,TEAL,XSM,3.0,KT,STL-L
KT,OB,7525,BNP,LGE,93.0,KT,STL-L
KT,OB,7551,BCP,MED,100.0,KT,STL-L
KT,OB,7551,GRP,MED,29.0,KT,STL-L
KT,OB,76029,BCP,LGE,18.0,KT,STL-L
KT,OB,76029,BCP,SML,20.0,KT,STL-L
KT,OB,76029,BCP,XLG,1.0,KT,STL-L
KT,OB,76029,BCP,XSM,6.0,KT,STL-L
KT,OB,76029,BCP,XXL,3.0,KT,STL-L
KT,OB,76029,BEP,3XL,6.0,KT,STL-L
KT,OB,76029,BEP,LGE,79.0,KT,STL-L
KT,OB,76029,BEP,MED,48.0,KT,STL-L
KT,OB,76029,BEP,SML,88.0,KT,STL-L
KT,OB,76029,BEP,XLG,52.0,KT,STL-L
KT,OB,76029,BKP,5XL,3.0,KT,STL-L
KT,OB,76029,BKP,LGE,23.0,KT,STL-L
KT,OB,76029,BKP,MED,37.0,KT,STL-L
KT,OB,76029,BKP,SML,9.0,KT,STL-L
KT,OB,76029,BKP,XLG,25.0,KT,STL-L
KT,OB,76029,BKP,XSM,6.0,KT,STL-L
KT,OB,76029,BNP,5XL,4.0,KT,STL-L
KT,OB,76029,BNP,LGE,73.0,KT,STL-L
KT,OB,76029,BNP,MED,185.0,KT,STL-L
KT,OB,76029,BNP,SML,85.0,KT,STL-L
KT,OB,76029,BNP,XLG,167.0,KT,STL-L
KT,OB,76029,STP,LGE,1.0,KT,STL-L
KT,OB,8219,STP,XXL,42.0,KT,STL-L
KT,OB,83221,GRAPH,XXL,56.0,KT,STL-L
KT,OB,83223,CEIL,XSM,1.0,KT,STL-L
KT,OB,8335,STP,PLG,4.0,KT,STL-L
KT,OB,8380,BNP,XSM,49.0,KT,STL-L
KT,OB,85221,TNAVY,4XL,6.0,KT,STL-L
KT,OB,85221,TNAVY,XSM,63.0,KT,STL-L
KT,OB,85229,CEIL,3XL,8.0,KT,STL-L
KT,OB,85229,CEIL,4XL,1.0,KT,STL-L
KT,OB,85229,CEIL,LGE,138.0,KT,STL-L
KT,OB,85229,CEIL,XLG,49.0,KT,STL-L
KT,OB,85229,CEIL,XXL,28.0,KT,STL-L
KT,OB,85229,GREY,XLG,4.0,KT,STL-L
KT,OB,85229,GREY,XXL,84.0,KT,STL-L
KT,OB,85229,HUNTR,MED,5.0,KT,STL-L
KT,OB,85229,NAVY,3XL,449.0,KT,STL-L
KT,OB,85229,NAVY,4XL,129.0,KT,STL-L
KT,OB,85229,NAVY,LGE,70.0,KT,STL-L
KT,OB,85229,NAVY,MED,893.0,KT,STL-L
KT,OB,85229,NAVY,SML,360.0,KT,STL-L
KT,OB,85229,NAVY,XLG,806.0,KT,STL-L
KT,OB,85229,NAVY,XXL,236.0,KT,STL-L
KT,OB,85229,ROYAL,LGE,28.0,KT,STL-L
KT,OB,85229,ROYAL,MED,7.0,KT,STL-L
KT,OB,85229,ROYAL,SML,54.0,KT,STL-L
KT,OB,85229,ROYAL,XLG,60.0,KT,STL-L
KT,OB,85229,ROYAL,XSM,42.0,KT,STL-L
KT,OB,85229,TEAL,3XL,23.0,KT,STL-L
KT,OB,85229,TEAL,LGE,48.0,KT,STL-L
KT,OB,85229,TEAL,MED,58.0,KT,STL-L
KT,OB,85229,TEAL,XLG,26.0,KT,STL-L
KT,OB,85229,TEAL,XSM,9.0,KT,STL-L
KT,OB,9207,NRLK,MED,29.0,KT,STL-L
KT,OB,9312,GRFS,LGE,2.0,KT,STL-L
KT,OB,C20489,BCPR,XLG,4.0,KT,STL-L
KT,OB,C20489,BCPR,XSM,1.0,KT,STL-L
KT,OB,C20489,BEPR,3XL,1.0,KT,STL-L
KT,OB,C20489,BEPR,LGE,4.0,KT,STL-L
KT,OB,C20489,BEPR,MED,10.0,KT,STL-L
KT,OB,C20489,BEPR,SML,4.0,KT,STL-L
KT,OB,C20489,BEPR,XLG,4.0,KT,STL-L
KT,OB,C20489,BEPR,XXL,4.0,KT,STL-L
KT,OB,C20489,BKPR,3XL,6.0,KT,STL-L
KT,OB,C20489,STPR,SML,9.0,KT,STL-L
KT,OB,C20489,STPR,XLG,10.0,KT,STL-L
KT,OB,C20489,STPR,XXL,1.0,KT,STL-L
KT,OB,C20489,TNPR,SML,6.0,KT,STL-L
KT,OB,C2105,BCPR,3XL,6.0,KT,STL-L
KT,OB,C2105,BCPR,LGE,29.0,KT,STL-L
KT,OB,C2105,BCPR,XLG,11.0,KT,STL-L
KT,OB,C2105,BCPR,XSM,14.0,KT,STL-L
KT,OB,C2105,BCPR,XXL,7.0,KT,STL-L
KT,OB,C2105,BEPR,3XL,33.0,KT,STL-L
KT,OB,C2105,BEPR,4XL,10.0,KT,STL-L
KT,OB,C2105,BKPR,XLG,18.0,KT,STL-L
KT,OB,C2105,BKPR,XXL,11.0,KT,STL-L
KT,OB,C2105,STPR,XLG,12.0,KT,STL-L
KT,OB,C2105,TNPR,3XL,1.0,KT,STL-L
KT,OB,C2105,TNPR,LGE,33.0,KT,STL-L
KT,OB,C2105,TNPR,MED,3.0,KT,STL-L
KT,OB,C2105,TNPR,SML,6.0,KT,STL-L
KT,OB,C2105,TNPR,XLG,12.0,KT,STL-L
KT,OB,C2105,TNPR,XSM,4.0,KT,STL-L
KT,OB,C2105,TNPR,XXL,6.0,KT,STL-L
KT,OB,C21059,BCPR,4XL,5.0,KT,STL-L
KT,OB,C21059,BCPR,MED,41.0,KT,STL-L
KT,OB,C21059,BEPR,MED,2.0,KT,STL-L
KT,OB,C21059,BEPR,SML,4.0,KT,STL-L
KT,OB,C21059,BEPR,XSM,6.0,KT,STL-L
KT,OB,C21059,BEPR,XXL,10.0,KT,STL-L
KT,OB,C21059,BKPR,LGE,123.0,KT,STL-L
KT,OB,C21059,BKPR,XXL,30.0,KT,STL-L
KT,OB,C21059,BTPR,3XL,3.0,KT,STL-L
KT,OB,C21059,BTPR,XLG,7.0,KT,STL-L
KT,OB,C21059,STPR,4XL,4.0,KT,STL-L
KT,OB,C21059,STPR,XSM,7.0,KT,STL-L
KT,OB,C21059,STPR,XXL,13.0,KT,STL-L
KT,OB,C21059,TNPR,5XL,8.0,KT,STL-L
KT,OB,C21059,TNPR,MED,450.0,KT,STL-L
KT,OB,C21059,TNPR,XSM,110.0,KT,STL-L
KT,OB,C3046,BCPR,MED,50.0,KT,STL-L
KT,OB,C3046,BKPR,LGE,50.0,KT,STL-L
KT,OB,C3046,BKPR,XSM,45.0,KT,STL-L
KT,OB,C3046,STPR,4XL,10.0,KT,STL-L
KT,OB,C3046,STPR,LGE,20.0,KT,STL-L
KT,OB,C3046,STPR,SML,23.0,KT,STL-L
KT,OB,C3046,STPR,XLG,50.0,KT,STL-L
KT,OB,C3046,STPR,XSM,29.0,KT,STL-L
KT,OB,C3046,TNPR,3XL,48.0,KT,STL-L
KT,OB,C3046,TNPR,4XL,25.0,KT,STL-L
KT,OB,C3046,TNPR,5XL,19.0,KT,STL-L
KT,OB,C3046,TNPR,XLG,21.0,KT,STL-L
KT,OB,C3046,TNPR,XSM,24.0,KT,STL-L
KT,OB,C30469,BCPR,MED,32.0,KT,STL-L
KT,OB,C30469,BEPR,XSM,2.0,KT,STL-L
KT,OB,C30469,BKPR,LGE,16.0,KT,STL-L
KT,OB,C30469,BKPR,MED,51.0,KT,STL-L
KT,OB,C30469,BKPR,XLG,25.0,KT,STL-L
KT,OB,C30469,BTPR,XXL,14.0,KT,STL-L
KT,OB,C30469,STPR,5XL,3.0,KT,STL-L
KT,OB,C30469,STPR,MED,2.0,KT,STL-L
KT,OB,C41719,BKPR,XLG,46.0,KT,STL-L
KT,OB,C41719,STPR,XXL,2.0,KT,STL-L
KT,OB,C4260,BCPR,LGE,10.0,KT,STL-L
KT,OB,C4260,BCPR,XLG,10.0,KT,STL-L
KT,OB,C4260,BKPR,SML,40.0,KT,STL-L
KT,OB,C4260,STPR,LGE,50.0,KT,STL-L
KT,OB,C4260,STPR,SML,37.0,KT,STL-L
KT,OB,C4260,STPR,XSM,9.0,KT,STL-L
KT,OB,C4260,TNPR,LGE,12.0,KT,STL-L
KT,OB,C4260,TNPR,MED,94.0,KT,STL-L
KT,OB,C4260,TNPR,XLG,12.0,KT,STL-L
KT,OB,C42609,BCPR,4XL,28.0,KT,STL-L
KT,OB,C42609,BCPR,5XL,10.0,KT,STL-L
KT,OB,C42609,BCPR,MED,340.0,KT,STL-L
KT,OB,C42609,BCPR,SML,278.0,KT,STL-L
KT,OB,C42609,BCPR,XLG,288.0,KT,STL-L
KT,OB,C42609,BEPR,4XL,8.0,KT,STL-L
KT,OB,C42609,BKPR,3XL,3.0,KT,STL-L
KT,OB,C42609,BKPR,XSM,7.0,KT,STL-L
KT,OB,C42609,STPR,LGE,18.0,KT,STL-L
KT,OB,C42609,STPR,MED,11.0,KT,STL-L
KT,OB,C42609,TNPR,LGE,16.0,KT,STL-L
KT,OB,C42609,TNPR,MED,36.0,KT,STL-L
KT,OB,C42609,TNPR,SML,10.0,KT,STL-L
KT,OB,CN75221,COBLT,SML,42.0,KT,STL-L
KT,OB,CNL85221,BLACK,SML,41.0,KT,STL-L
KT,OB,CW1212,CW30,1SZ,4.0,KT,STL-L
KT,OB,CW1337,CW105,2X,2.0,KT,STL-L
KT,OB,CW1337,CW105,L,5.0,KT,STL-L
KT,OB,CW1337,CW105,M,8.0,KT,STL-L
KT,OB,CW1337,CW105,S,6.0,KT,STL-L
KT,OB,CW1337,CW105,XL,5.0,KT,STL-L
KT,OB,CW1337,CW30,L,2.0,KT,STL-L
KT,OB,CW1337,CW40,L,6.0,KT,STL-L
KT,OB,CW1337,CW40,M,2.0,KT,STL-L
KT,OB,CW1337,CW40,S,6.0,KT,STL-L
KT,OB,CW1337,CW40,XL,3.0,KT,STL-L
KT,OB,CW1338,CW105,L,3.0,KT,STL-L
KT,OB,CW1338,CW105,M,9.0,KT,STL-L
KT,OB,CW1338,CW105,S,4.0,KT,STL-L
KT,OB,CW1338,CW105,XL,2.0,KT,STL-L
KT,OB,CW1338,CW105,XS,2.0,KT,STL-L
KT,OB,CW1338,CW30,3X,1.0,KT,STL-L
KT,OB,CW1338,CW30,L,6.0,KT,STL-L
KT,OB,CW1338,CW30,M,15.0,KT,STL-L
KT,OB,CW1338,CW30,S,5.0,KT,STL-L
KT,OB,CW1338,CW30,XS,4.0,KT,STL-L
KT,OB,CW1338,CW40,2X,4.0,KT,STL-L
KT,OB,CW1338,CW40,L,8.0,KT,STL-L
KT,OB,CW1338,CW40,M,9.0,KT,STL-L
KT,OB,CW1338,CW40,S,4.0,KT,STL-L
KT,OB,CW1338,CW40,XL,4.0,KT,STL-L
KT,OB,CW1338,CW40,XS,5.0,KT,STL-L
KT,OB,CW1390,CW30,5X,10.0,KT,STL-L
KT,OB,CW1390,CW30,S,24.0,KT,STL-L
KT,OB,CW1390,CW40,4X,1.0,KT,STL-L
KT,OB,CW1390,CW40,L,31.0,KT,STL-L
KT,OB,CW1390,CW40,XL,15.0,KT,STL-L
KT,OB,CW1691,CW211,1SZ,81.0,KT,STL-L
KT,OB,CW3000,CW11,L,5.0,KT,STL-L
KT,OB,CW3000,CW30,2X,15.0,KT,STL-L
KT,OB,CW3000,CW30,M,16.0,KT,STL-L
KT,OB,CW3000,CW30,XL,8.0,KT,STL-L
KT,OB,CW3000,CW50,M,1.0,KT,STL-L
KT,OB,CW3165,CW30,L,92.0,KT,STL-L
KT,OB,CW3165,CW30,M,125.0,KT,STL-L
KT,OB,CW3165,CW30,XL,37.0,KT,STL-L
KT,OB,CW3200,CW30,3X,16.0,KT,STL-L
KT,OB,CW3200,CW30,4X,40.0,KT,STL-L
KT,OB,CW3200,CW30,M,269.0,KT,STL-L
KT,OB,CW3200,CW30,S,105.0,KT,STL-L
KT,OB,CW3321CCT,CW30,L,47.0,KT,STL-L
KT,OB,CW3321CPS,CW50,S,21.0,KT,STL-L
KT,OB,CW3325,CW105,L,18.0,KT,STL-L
KT,OB,CW3325,CW30,L,104.0,KT,STL-L
KT,OB,CW3325,CW30,M,82.0,KT,STL-L
KT,OB,CW3325,CW30,S,58.0,KT,STL-L
KT,OB,CW3325,CW30,XL,79.0,KT,STL-L
KT,OB,CW3405,CW190,L,8.0,KT,STL-L
KT,OB,CW3500,CW105,L,1.0,KT,STL-L
KT,OB,CW3500,CW11,M,85.0,KT,STL-L
KT,OB,CW3500,CW11,XL,33.0,KT,STL-L
KT,OB,CW3500,CW30,2X,28.0,KT,STL-L
KT,OB,CW3500,CW30,L,98.0,KT,STL-L
KT,OB,CW3500,CW30,M,32.0,KT,STL-L
KT,OB,CW3500,CW30,S,17.0,KT,STL-L
KT,OB,CW3500,CW30,XL,70.0,KT,STL-L
KT,OB,CW3500,CW30,XS,1.0,KT,STL-L
KT,OB,CW3500,CW50,2X,14.0,KT,STL-L
KT,OB,CW3500,CW50,M,73.0,KT,STL-L
KT,OB,CW3500,CW50,S,90.0,KT,STL-L
KT,OB,CW3500,CW50,XL,41.0,KT,STL-L
KT,OB,CW3523,CW30,3X,30.0,KT,STL-L
KT,OB,CW4325,CW105,M,3.0,KT,STL-L
KT,OB,CW4325,CW105,XS,4.0,KT,STL-L
KT,OB,CW4325,CW30,2X,1.0,KT,STL-L
KT,OB,CW4325,CW30,L,26.0,KT,STL-L
KT,OB,CW4325,CW30,M,16.0,KT,STL-L
KT,OB,CW4325,CW30,S,4.0,KT,STL-L
KT,OB,CW4325,CW650,3X,23.0,KT,STL-L
KT,OB,CW4325,CW650,M,26.0,KT,STL-L
KT,OB,CW4325,CW650,S,4.0,KT,STL-L
KT,OB,CW4410,CW30,M,28.0,KT,STL-L
KT,OB,CW4412,CW40,2X,24.0,KT,STL-L
KT,OB,CW4412,CW40,L,139.0,KT,STL-L
KT,OB,CW4412,CW40,M,66.0,KT,STL-L
KT,OB,CW4412,CW40,XS,26.0,KT,STL-L
KT,OB,CW4413,CW105,M,15.0,KT,STL-L
KT,OB,CW4413,CW30,M,7.0,KT,STL-L
KT,OB,CW4413,CW56,XL,29.0,KT,STL-L
KT,OB,CW4705,CW30,3X,3.0,KT,STL-L
KT,OB,CW4705,CW30,5X,11.0,KT,STL-L
KT,OB,CW4705,CW30,L,17.0,KT,STL-L
KT,OB,CW4705,CW30,S,9.0,KT,STL-L
KT,OB,CW5630,CW40,L,37.0,KT,STL-L
KT,OB,CW5630,CW40,M,55.0,KT,STL-L
KT,OB,CW5630,CW40,S,1.0,KT,STL-L
KT,OB,CW5630,CW40,XL,10.0,KT,STL-L
KT,OB,CW5630,CW40,XS,16.0,KT,STL-L
KT,OB,CW5631,CW30,XS,3.0,KT,STL-L
KT,OB,CW5632,CW30,L,15.0,KT,STL-L
KT,OB,CW5632,CW30,M,1.0,KT,STL-L
KT,OB,CW5632,CW30,XL,9.0,KT,STL-L
KT,OB,LB400,BLK,S,5.0,KT,STL-L
KT,OB,LB400,WINE,S,18.0,KT,STL-L
KT,OB,LB401,BLK,S,2.0,KT,STL-L
KT,OB,LB401,PEWT,S,2.0,KT,STL-L
KT,OB,LB401,ROYL,S,6.0,KT,STL-L
KT,OB,LJ700,BLK,S,17.0,KT,STL-L
KT,OB,LJ700,NVY,S,18.0,KT,STL-L
KT,OB,LJ700,PEWT,S,18.0,KT,STL-L
KT,OB,LT100,BLK,S,3.0,KT,STL-L
KT,OB,LT100,ROYL,S,1.0,KT,STL-L
KT,OB,LT101,BLK,S,5.0,KT,STL-L
KT,OB,LT101,NVY,S,5.0,KT,STL-L
KT,OB,LT101,PEWT,S,5.0,KT,STL-L
KT,OB,LT103,BLK,S,15.0,KT,STL-L
KT,OB,LT103,NVY,S,18.0,KT,STL-L
KT,OB,LT103,PEWT,S,18.0,KT,STL-L
KT,OB,LT103,ROYL,S,18.0,KT,STL-L
KT,OB,LT103,WHT,S,15.0,KT,STL-L
KT,OB,LT103,WINE,S,18.0,KT,STL-L
KT,OB,NHC4305,OGRAH,LGE,2.0,KT,STL-L
KT,OB,S101002,BCPN,SML,5.0,KT,STL-L
KT,OB-L,2042,BEPR,TSM,5.0,KT,STL-L
KT,OB-L,3187,WWY,SML,122.0,KT,STL-L
KT,OB-L,71221,NAVY,XLG,25.0,KT,STL-L
KT,OB-L,71229,CEIL,4XL,3.0,KT,STL-L
KT,OB-L,71229,CEIL,5XL,3.0,KT,STL-L
KT,OB-L,71229,CEIL,LGE,29.0,KT,STL-L
KT,OB-L,71229,CEIL,MED,88.0,KT,STL-L
KT,OB-L,71229,CEIL,XLG,4.0,KT,STL-L
KT,OB-L,71229,NAVY,3XL,3.0,KT,STL-L
KT,OB-L,71229,NAVY,5XL,1.0,KT,STL-L
KT,OB-L,71229,NAVY,SML,6.0,KT,STL-L
KT,OB-L,75029,BEP,XXL,18.0,KT,STL-L
KT,OB-L,75029,BKP,MED,1.0,KT,STL-L
KT,OB-L,75029,BKP,SML,5.0,KT,STL-L
KT,OB-L,75029,BKP,XLG,4.0,KT,STL-L
KT,OB-L,75029,BKP,XSM,4.0,KT,STL-L
KT,OB-L,75029,BKP,XXL,8.0,KT,STL-L
KT,OB-L,75029,BNP,LGE,12.0,KT,STL-L
KT,OB-L,75029,BNP,XLG,6.0,KT,STL-L
KT,OB-L,75029,BNP,XXL,7.0,KT,STL-L
KT,OB-L,75229,CEIL,LGE,12.0,KT,STL-L
KT,OB-L,75229,GREY,LGE,2.0,KT,STL-L
KT,OB-L,75229,NAVY,LGE,8.0,KT,STL-L
KT,OB-L,75229,NAVY,SML,2.0,KT,STL-L
KT,OB-L,75229,ROYAL,SML,45.0,KT,STL-L
KT,OB-L,75229,ROYAL,XSM,10.0,KT,STL-L
KT,OB-L,75229,TEAL,MED,30.0,KT,STL-L
KT,OB-L,76029,BCP,SML,2.0,KT,STL-L
KT,OB-L,76029,BCP,XSM,1.0,KT,STL-L
KT,OB-L,76029,BCP,XXL,4.0,KT,STL-L
KT,OB-L,76029,BEP,3XL,1.0,KT,STL-L
KT,OB-L,76029,BEP,XSM,1.0,KT,STL-L
KT,OB-L,76029,BKP,XSM,4.0,KT,STL-L
KT,OB-L,76029,STP,SML,4.0,KT,STL-L
KT,OB-L,85229,CEIL,4XL,10.0,KT,STL-L
KT,OB-L,85229,CEIL,5XL,5.0,KT,STL-L
KT,OB-L,85229,CEIL,LGE,8.0,KT,STL-L
KT,OB-L,85229,CEIL,XXL,6.0,KT,STL-L
KT,OB-L,85229,GREY,XSM,1.0,KT,STL-L
KT,OB-L,85229,NAVY,3XL,5.0,KT,STL-L
KT,OB-L,85229,NAVY,LGE,17.0,KT,STL-L
KT,OB-L,85229,NAVY,MED,57.0,KT,STL-L
KT,OB-L,85229,NAVY,XLG,19.0,KT,STL-L
KT,OB-L,85229,NAVY,XXL,25.0,KT,STL-L
KT,OB-L,85229,ROYAL,LGE,36.0,KT,STL-L
KT,OB-L,85229,ROYAL,SML,4.0,KT,STL-L
KT,OB-L,85229,TEAL,LGE,2.0,KT,STL-L
KT,OB-L,85229,TEAL,XLG,1.0,KT,STL-L
KT,OB-L,C20489,BKPR,3XL,1.0,KT,STL-L
KT,OB-L,C20489,STPR,SML,2.0,KT,STL-L
KT,OB-L,C20489,STPR,XLG,2.0,KT,STL-L
KT,OB-L,C20489,TNPR,SML,5.0,KT,STL-L
KT,OB-L,C2105,BCPR,XLG,1.0,KT,STL-L
KT,OB-L,C21059,BKPR,XSM,4.0,KT,STL-L
KT,OB-L,C21059,BKPR,XXL,3.0,KT,STL-L
KT,OB-L,C21059,STPR,XXL,2.0,KT,STL-L
KT,OB-L,C21059,TNPR,5XL,1.0,KT,STL-L
KT,OB-L,C3046,STPR,XLG,18.0,KT,STL-L
KT,OB-L,C30469,BCPR,MED,7.0,KT,STL-L
KT,OB-L,C30469,BKPR,LGE,24.0,KT,STL-L
KT,OB-L,C30469,BKPR,MED,7.0,KT,STL-L
KT,OB-L,C30469,BKPR,XLG,17.0,KT,STL-L
KT,OB-L,C30469,BKPR,XXL,1.0,KT,STL-L
KT,OB-L,C30469,STPR,5XL,2.0,KT,STL-L
KT,OB-L,C30469,STPR,MED,5.0,KT,STL-L
KT,OB-L,C41719,BKPR,XLG,5.0,KT,STL-L
KT,OB-L,C41719,STPR,XXL,5.0,KT,STL-L
KT,OB-L,C4260,BCPR,LGE,1.0,KT,STL-L
KT,OB-L,C4260,BCPR,XLG,1.0,KT,STL-L
KT,OB-L,C4260,STPR,XLG,10.0,KT,STL-L
KT,OB-L,C42609,BCPR,4XL,3.0,KT,STL-L
KT,OB-L,C42609,BCPR,MED,20.0,KT,STL-L
KT,OB-L,C42609,BCPR,SML,15.0,KT,STL-L
KT,OB-L,C42609,BCPR,XLG,20.0,KT,STL-L
KT,OB-L,C42609,BEPR,4XL,1.0,KT,STL-L
KT,OB-L,C42609,BEPR,LGE,5.0,KT,STL-L
KT,OB-L,C42609,BEPR,SML,3.0,KT,STL-L
KT,OB-L,C42609,STPR,LGE,1.0,KT,STL-L
KT,OB-L,C42609,STPR,MED,3.0,KT,STL-L
KT,OB-L,C42609,TNPR,LGE,3.0,KT,STL-L
KT,OB-L,CN75221,COBLT,SML,23.0,KT,STL-L
KT,OB-L,CW1212,CW137,1SZ,2.0,KT,STL-L
KT,OB-L,CW1212,CW30,1SZ,1.0,KT,STL-L
KT,OB-L,CW1337,CW105,XL,1.0,KT,STL-L
KT,OB-L,CW1337,CW30,M,1.0,KT,STL-L
KT,OB-L,CW1337,CW40,L,6.0,KT,STL-L
KT,OB-L,CW1337,CW40,S,1.0,KT,STL-L
KT,OB-L,CW1338,CW30,L,4.0,KT,STL-L
KT,OB-L,CW1338,CW30,M,8.0,KT,STL-L
KT,OB-L,CW1338,CW30,XL,2.0,KT,STL-L
KT,OB-L,CW1338,CW30,XS,4.0,KT,STL-L
KT,OB-L,CW1430,CW30,1SZ,156.0,KT,STL-L
KT,OB-L,CW1432,CW105,1SZ,1.0,KT,STL-L
KT,OB-L,CW1432,CW30,1SZ,27.0,KT,STL-L
KT,OB-L,CW1646,CW105,1SZ,3.0,KT,STL-L
KT,OB-L,CW1650,CW30,1SZ,115.0,KT,STL-L
KT,OB-L,CW1696,CW30,1SZ,12.0,KT,STL-L
KT,OB-L,CW24043,CW30,1SZ,3.0,KT,STL-L
KT,OB-L,CW3000,CW11,L,1.0,KT,STL-L
KT,OB-L,CW3000,CW30,2X,17.0,KT,STL-L
KT,OB-L,CW3000,CW30,M,5.0,KT,STL-L
KT,OB-L,CW3000,CW30,XL,4.0,KT,STL-L
KT,OB-L,CW3000,CW50,M,3.0,KT,STL-L
KT,OB-L,CW3165,CW30,L,3.0,KT,STL-L
KT,OB-L,CW3165,CW30,M,3.0,KT,STL-L
KT,OB-L,CW3165,CW30,XL,3.0,KT,STL-L
KT,OB-L,CW3200,CW30,M,24.0,KT,STL-L
KT,OB-L,CW3200,CW30,S,2.0,KT,STL-L
KT,OB-L,CW3200,CW50,XS,3.0,KT,STL-L
KT,OB-L,CW3325,CW30,3X,6.0,KT,STL-L
KT,OB-L,CW3325,CW30,L,1.0,KT,STL-L
KT,OB-L,CW3325,CW30,XL,6.0,KT,STL-L
KT,OB-L,CW3500,CW105,XL,2.0,KT,STL-L
KT,OB-L,CW3500,CW249,L,8.0,KT,STL-L
KT,OB-L,CW3500,CW265,XL,2.0,KT,STL-L
KT,OB-L,CW3500,CW30,L,41.0,KT,STL-L
KT,OB-L,CW3500,CW30,S,6.0,KT,STL-L
KT,OB-L,CW3540,CW105,2X,33.0,KT,STL-L
KT,OB-L,CW3540,CW105,S,37.0,KT,STL-L
KT,OB-L,CW3910,CW30,XL,28.0,KT,STL-L
KT,OB-L,CW4325,CW105,XS,7.0,KT,STL-L
KT,OB-L,CW4325,CW30,2X,1.0,KT,STL-L
KT,OB-L,CW4325,CW30,XL,6.0,KT,STL-L
KT,OB-L,CW4325,CW650,M,35.0,KT,STL-L
KT,OB-L,CW4412,CW105,M,3.0,KT,STL-L
KT,OB-L,CW4412,CW105,XL,3.0,KT,STL-L
KT,OB-L,CW4412,CW40,2X,4.0,KT,STL-L
KT,OB-L,CW4412,CW40,L,8.0,KT,STL-L
KT,OB-L,CW4412,CW40,M,10.0,KT,STL-L
KT,OB-L,CW4412,CW40,XS,12.0,KT,STL-L
KT,OB-L,CW4412,CW650,XS,4.0,KT,STL-L
KT,OB-L,CW4413,CW105,M,2.0,KT,STL-L
KT,OB-L,CW4413,CW105,XL,6.0,KT,STL-L
KT,OB-L,CW4413,CW30,M,14.0,KT,STL-L
KT,OB-L,CW4413,CW56,XL,1.0,KT,STL-L
KT,OB-L,CW4413,CW650,L,23.0,KT,STL-L
KT,OB-L,CW4413,CW650,XL,1.0,KT,STL-L
KT,OB-L,CW5630,CW30,2X,3.0,KT,STL-L
KT,OB-L,CW5630,CW30,3X,1.0,KT,STL-L
KT,OB-L,CW5630,CW30,L,5.0,KT,STL-L
KT,OB-L,CW5630,CW30,M,3.0,KT,STL-L
KT,OB-L,CW5630,CW30,S,18.0,KT,STL-L
KT,OB-L,CW5630,CW40,2X,2.0,KT,STL-L
KT,OB-L,CW5630,CW40,3X,9.0,KT,STL-L
KT,OB-L,CW5630,CW40,S,1.0,KT,STL-L
KT,OB-L,CW5630,CW40,XS,4.0,KT,STL-L
KT,OB-L,CW5883,CW190,S,1.0,KT,STL-L
KT,OB-L,LB400,BLK,S,15.0,KT,STL-L
KT,OB-L,LB400,WINE,S,2.0,KT,STL-L
KT,OB-L,LB401,BLK,S,18.0,KT,STL-L
KT,OB-L,LB401,PEWT,S,18.0,KT,STL-L
KT,OB-L,LB401,ROYL,S,14.0,KT,STL-L
KT,OB-L,LJ700,BLK,S,3.0,KT,STL-L
KT,OB-L,LJ700,NVY,S,2.0,KT,STL-L
KT,OB-L,LJ700,PEWT,S,2.0,KT,STL-L
KT,OB-L,LT100,ROYL,S,19.0,KT,STL-L
KT,OB-L,LT101,BLK,S,15.0,KT,STL-L
KT,OB-L,LT101,NVY,S,15.0,KT,STL-L
KT,OB-L,LT101,PEWT,S,15.0,KT,STL-L
KT,OB-L,LT103,BLK,S,5.0,KT,STL-L
KT,OB-L,LT103,NVY,S,2.0,KT,STL-L
KT,OB-L,LT103,PEWT,S,2.0,KT,STL-L
KT,OB-L,LT103,ROYL,S,2.0,KT,STL-L
KT,OB-L,LT103,WHT,S,5.0,KT,STL-L
KT,OB-L,LT103,WINE,S,2.0,KT,STL-L
KT,OB-L,NHC4305,OGRAH,LGE,3.0,KT,STL-L
